method,batch_size,lr,wd,momentum,final_test_acc,final_train_loss,best_test_acc
SGD+WD,128,0.3,0.005,0.0,77.44,0.08666892389297486,77.53
SGDM+WD,128,0.3,0.0015,0.8,75.86,0.052174894781112674,75.86
SGDM+WD,128,0.2,0.0015,0.8,77.65,0.0333290581882,77.66
SGDM+WD,128,0.25,0.0015,0.8,76.24,0.0417507266664505,76.51
SGD+WD,128,0.4,0.005,0.0,76.79,0.11107700086593628,76.95
SGDM+WD,128,0.15,0.0015,0.8,77.74,0.02825203780055046,77.76
SGD+WD,128,0.5,0.005,0.0,76.07,0.1332441849374771,76.18
SGDM+WD,128,0.4,0.0015,0.8,74.32,0.09033454359054566,74.49
SGDM+WD,128,0.5,0.0015,0.8,73.84,0.13812349725723266,73.88
