model,dataset,method,batch_size,lr,wd,momentum,epochs,scheduler,seed,wd_sched,exp,sum_lr,best_test_acc,final_test_acc,final_train_loss,final_train_acc,final_test_loss,diverged,epochs_run,wall_time
mlp,cifar10,SGD+WD,128,0.1,0.002,0.0,100,cosine,42,fixed,e12_fixed,1974.5500000000009,57.78,57.59,0.0649976808655262,99.916,1.6298783136367798,0,100,539.2
mlp,cifar10,SGD+WD,128,0.1,0.003,0.0,100,cosine,42,fixed,e12_fixed,1974.5500000000009,58.0,57.7,0.1014290019941329,99.556,1.526492286491394,0,100,548.7
mlp,cifar10,SGD+WD,128,0.1,0.005,0.0,100,cosine,42,fixed,e12_fixed,1974.5500000000009,58.13,57.79,0.1989924211168289,97.862,1.3983699657440185,0,100,551.4
mlp,cifar10,SGD+WD,128,0.1,0.001,0.0,100,cosine,42,fixed,e12_fixed,1974.5500000000009,57.55,57.32,0.034146422381401,99.992,1.8041928855896,0,100,574.9
mlp,cifar10,SGD+WD,128,0.1,0.01,0.0,100,cosine,42,fixed,e12_fixed,1974.5500000000009,58.15,58.07,0.5768913143730163,85.38,1.2127090454101563,0,100,495.4
mlp,cifar10,SGD+WD,128,0.1,0.02,0.0,100,cosine,42,fixed,e12_fixed,1974.5500000000009,55.59,55.41,1.077780446548462,64.6,1.271899189567566,0,100,604.8
mlp,cifar10,SGD+WD,128,0.1,0.0075,0.0,100,cosine,42,fixed,e12_fixed,1974.5500000000009,57.91,57.91,0.3800130343437194,92.628,1.2687733240127563,0,100,676.2
mlp,cifar10,SGDM+WD,128,0.1,0.0001,0.9,100,cosine,42,fixed,e12_fixed,1974.5500000000009,51.9,51.53,0.1911850503587722,93.216,3.250300274658203,0,100,712.5
mlp,cifar10,SGDM+WD,128,0.1,0.0003,0.9,100,cosine,42,fixed,e12_fixed,1974.5500000000009,55.33,55.19,0.0304395693939924,99.746,2.545758707809448,0,100,469.2
mlp,cifar10,SGDM+WD,128,0.1,0.0006,0.9,100,cosine,42,fixed,e12_fixed,1974.5500000000009,56.02,55.96,0.0465894987159967,99.642,2.170906842041016,0,100,480.7
mlp,cifar10,SGDM+WD,128,0.1,0.001,0.9,100,cosine,42,fixed,e12_fixed,1974.5500000000009,56.86,56.66,0.0975772043347358,98.58,1.8615781562805176,0,100,484.7
mlp,cifar10,SGDM+WD,128,0.1,0.002,0.9,100,cosine,42,fixed,e12_fixed,1974.5500000000009,56.42,56.34,0.2824932876491546,93.112,1.5201974609375,0,100,483.4
mlp,cifar10,SGDM+WD,128,0.1,0.003,0.9,100,cosine,42,fixed,e12_fixed,1974.5500000000009,56.15,56.06,0.424728856639862,88.544,1.4018643123626708,0,100,464.3
mlp,cifar10,SGDM+WD,128,0.1,0.005,0.9,100,cosine,42,fixed,e12_fixed,1974.5500000000009,52.2,52.2,0.8270821786880493,72.486,1.3925593393325806,0,100,438.0
mlp,cifar10,SGDM+WD,128,0.1,0.001417,0.9,100,cosine,42,linear,e12_matched,1974.55,55.07,54.94,0.0624843816494941,98.912,2.6982480884552,0,100,520.1
mlp,cifar10,SGDM+WD,128,0.1,0.0004724,0.9,100,cosine,42,linear,e12_matched,1974.55,54.71,54.48,0.0356817761367559,99.348,3.323786032485962,0,100,522.5
mlp,cifar10,SGDM+WD,128,0.1,0.0001936,0.9,100,cosine,42,iso_product,e12_matched,1974.55,57.01,57.01,0.1246244486641883,99.1,1.5365307537078858,0,100,548.9
mlp,cifar10,SGDM+WD,128,0.1,0.001132,0.9,100,cosine,42,linear_up,e12_matched,1974.55,57.31,57.23,0.0579993239927291,99.79,1.7860329528808594,0,100,558.4
mlp,cifar10,SGDM+WD,128,0.1,0.005095,0.9,100,cosine,42,linear_up,e12_matched,1974.55,58.8,58.44,0.4540609337520599,88.246,1.2667085750579834,0,100,559.2
mlp,cifar10,SGDM+WD,128,0.1,0.0005809,0.9,100,cosine,42,iso_product,e12_matched,1974.55,58.67,58.67,0.4721304483032226,88.292,1.2228789722442628,0,100,566.0
mlp,cifar10,SGDM+WD,128,0.1,0.002126,0.9,100,cosine,42,linear,e12_matched,1974.55,55.71,55.61,0.1279238980197906,96.702,2.3592290225982664,0,100,566.8
mlp,cifar10,SGDM+WD,128,0.1,0.003397,0.9,100,cosine,42,linear_up,e12_matched,1974.55,58.66,58.59,0.2590521598005295,95.078,1.3720672103881837,0,100,602.7
mlp,cifar10,SGDM+WD,128,0.1,0.0008713,0.9,100,cosine,42,iso_product,e12_matched,1974.55,58.46,58.46,0.719510044555664,78.412,1.19288321723938,0,100,517.2
mlp,cifar10,SGDM+WD,128,0.1,0.006794,0.9,100,cosine,42,linear_up,e12_matched,1974.55,57.99,57.96,0.6108831032943726,82.25,1.224166208076477,0,100,522.8
mlp,cifar10,SGDM+WD,128,0.1,0.002834,0.9,100,cosine,42,linear,e12_matched,1974.55,54.55,54.42,0.1907066532421112,94.408,2.1661598625183105,0,100,538.3
mlp,cifar10,SGDM+WD,128,0.1,0.003543,0.9,100,cosine,42,linear,e12_matched,1974.55,55.18,54.99,0.2475882514858245,92.532,1.972681744003296,0,100,561.3
mlp,cifar10,SGDM+WD,128,0.1,0.001452,0.9,100,cosine,42,iso_product,e12_matched,1974.55,56.42,56.28,1.009491186981201,66.914,1.2454149072647094,0,100,565.1
mlp,cifar10,SGDM+WD,128,0.1,0.001162,0.9,100,cosine,42,iso_product,e12_matched,1974.55,57.57,57.42,0.891029000415802,71.706,1.2147941932678223,0,100,575.7
mlp,cifar10,SGDM+WD,128,0.1,0.008492,0.9,100,cosine,42,linear_up,e12_matched,1974.55,58.01,57.89,0.730724261379242,77.866,1.217686820793152,0,100,577.9
mlp,cifar10,SGDM+WD,128,0.1,0.01019,0.9,100,cosine,42,linear_up,e12_matched,1974.55,57.01,56.99,0.8304770625305176,73.792,1.2268724586486817,0,100,590.0
mlp,cifar10,SGDM+WD,128,0.1,0.001743,0.9,100,cosine,42,iso_product,e12_matched,1974.55,55.75,55.67,1.0966152394866944,63.584,1.274046724510193,0,100,476.5
mlp,cifar10,SGDM+WD,128,0.1,0.004252,0.9,100,cosine,42,linear,e12_matched,1974.55,53.96,53.67,0.3267954214668274,89.602,1.9250214241027832,0,100,514.1
mlp,cifar10,SGDM+WD,128,0.1,0.01359,0.9,100,cosine,42,linear_up,e12_matched,1974.55,56.54,56.52,0.9677779693603517,68.554,1.2445416732788086,0,100,500.2
mlp,cifar10,SGDM+WD,128,0.1,0.005669,0.9,100,cosine,42,linear,e12_matched,1974.55,50.42,50.24,0.4902590277481079,84.192,1.7791797916412353,0,100,493.9
mlp,cifar10,SGDM+WD,128,0.1,0.002324,0.9,100,cosine,42,iso_product,e12_matched,1974.55,53.71,53.71,1.228374966506958,58.286,1.334687967300415,0,100,495.1
mlp,cifar10,SGD+WD,128,0.1,0.04252,0.0,100,cosine,42,linear,e12_matched,1974.55,56.29,56.0,0.8179591966438293,73.326,1.256565454673767,0,100,487.6
mlp,cifar10,SGD+WD,128,0.1,0.01162,0.0,100,cosine,42,iso_product,e12_matched,1974.55,52.06,36.85,1.804341460037232,36.878,1.8026877367019647,0,100,500.7
mlp,cifar10,SGD+WD,128,0.1,0.03397,0.0,100,cosine,42,linear_up,e12_matched,1974.55,54.86,54.4,1.191167206993103,60.682,1.3162591335296632,0,100,503.9
mlp,cifar10,SGD+WD,128,0.1,0.01417,0.0,100,cosine,42,linear,e12_matched,1974.55,56.84,56.59,0.2100545447254181,96.516,1.4936179536819458,0,100,503.9
mlp,cifar10,SGD+WD,128,0.1,0.06794,0.0,100,cosine,42,linear_up,e12_matched,1974.55,53.49,46.2,1.537145273513794,47.218,1.5523041845321657,0,100,507.4
mlp,cifar10,SGD+WD,128,0.1,0.02834,0.0,100,cosine,42,linear,e12_matched,1974.55,56.78,56.68,0.5691882061386109,83.458,1.2861524660110473,0,100,511.3
mlp,cifar10,SGD+WD,128,0.1,0.005809,0.0,100,cosine,42,iso_product,e12_matched,1974.55,55.27,47.67,1.501679128112793,48.874,1.522383127593994,0,100,513.1
mlp,cifar10,SGD+WD,128,0.1,0.1019,0.0,100,cosine,42,linear_up,e12_matched,1974.55,52.66,40.3,1.7120492333984374,40.208,1.71287022895813,0,100,515.4
mlp,cifar10,SGD+WD,128,0.1,0.02324,0.0,100,cosine,42,iso_product,e12_matched,1974.55,48.96,24.18,2.071650244216919,23.868,2.069864251708984,0,100,466.4
mlp,cifar10,SGD+WD,128,0.1,0.08503,0.0,100,cosine,42,linear,e12_matched,1974.55,53.81,53.77,1.163597202758789,59.742,1.323152416229248,0,100,503.3
mlp,cifar10,SGD+WD,128,0.1,0.1359,0.0,100,cosine,42,linear_up,e12_matched,1974.55,52.06,36.07,1.825515986289978,36.118,1.8238680093765256,0,100,519.4
mlp,cifar10,SGD+WD,128,0.1,0.2038,0.0,100,cosine,42,linear_up,e12_matched,1974.55,51.8,27.92,1.97995029296875,28.186,1.9789830295562745,0,100,512.9
mlp,cifar10,SGD+WD,128,0.1,0.05669,0.0,100,cosine,42,linear,e12_matched,1974.55,55.03,54.89,0.9874845380401612,66.568,1.2798033393859862,0,100,517.0
mlp,cifar10,SGD+WD,128,0.1,0.3057,0.0,100,cosine,42,linear_up,e12_matched,1974.55,51.14,23.76,2.122189472503662,23.388,2.120593453598022,0,100,518.4
mlp,cifar10,SGD+WD,128,0.1,0.01743,0.0,100,cosine,42,iso_product,e12_matched,1974.55,50.02,28.67,1.963862905273437,28.908,1.963153727531433,0,100,572.4
mlp,cifar10,SGD+WD,128,0.1,0.03485,0.0,100,cosine,42,iso_product,e12_matched,1974.55,46.16,16.43,2.208024335861206,16.672,2.2079582439422607,0,100,565.7
mlp,cifar10,SGD+WD,128,0.1,0.1276,0.0,100,cosine,42,linear,e12_matched,1974.55,50.89,50.87,1.3139005871200562,53.986,1.394560471343994,0,100,525.9
mlp,cifar10,SGD+WD,128,0.1,0.05228,0.0,100,cosine,42,iso_product,e12_matched,1974.55,42.97,10.0,2.302734375,10.0,2.302585015487671,0,100,507.8
mlp,cifar10,SGD+WD,128,0.1,0.2126,0.0,100,cosine,42,linear,e12_matched,1974.55,44.98,44.98,1.515998641052246,45.894,1.5415189922332764,0,100,525.2
mlp,cifar10,SGD+WD,128,0.1,0.08713,0.0,100,cosine,42,iso_product,e12_matched,1974.55,36.98,10.0,2.302734375,10.0,2.302585179901123,0,100,536.6
mlp,cifar10,SGD+WD,128,0.1,0.5095,0.0,100,cosine,42,linear_up,e12_matched,1974.55,50.25,16.1,2.245284648590088,16.156,2.2451464115142823,0,100,545.6
mlp,mnist,SGD+WD,128,0.1,0.005,0.0,100,cosine,42,fixed,e12_fixed,2368.4500000000003,98.05,97.96,0.0555523072262605,98.93833333333332,0.0753501468203961,0,100,677.7
mlp,mnist,SGDM+WD,128,0.1,0.0003,0.9,100,cosine,42,fixed,e12_fixed,2368.4500000000003,98.76,98.63,0.0025651427029321,100.0,0.0432931273099733,0,100,701.9
mlp,mnist,SGD+WD,128,0.1,0.01,0.0,100,cosine,42,fixed,e12_fixed,2368.4500000000003,97.38,97.33,0.1029946335713068,97.75666666666666,0.1103936265259981,0,100,702.7
mlp,mnist,SGD+WD,128,0.1,0.002,0.0,100,cosine,42,fixed,e12_fixed,2368.4500000000003,98.38,98.36,0.0206393006980419,99.84833333333331,0.0544283971075899,0,100,705.8
mlp,mnist,SGD+WD,128,0.1,0.02,0.0,100,cosine,42,fixed,e12_fixed,2368.4500000000003,95.82,95.75,0.1779067523638407,95.895,0.1754073531746864,0,100,719.3
mlp,mnist,SGD+WD,128,0.1,0.001,0.0,100,cosine,42,fixed,e12_fixed,2368.4500000000003,98.38,98.37,0.0097008914873003,99.98666666666666,0.0501164070697967,0,100,748.7
mlp,mnist,SGD+WD,128,0.1,0.003,0.0,100,cosine,42,fixed,e12_fixed,2368.4500000000003,98.25,98.17,0.0324413470546404,99.56166666666668,0.0607766075259074,0,100,748.3
mlp,mnist,SGDM+WD,128,0.1,0.002,0.9,100,cosine,42,fixed,e12_fixed,2368.4500000000003,98.58,98.53,0.0199283711443344,99.86,0.0496132728320546,0,100,753.9
mlp,mnist,SGDM+WD,128,0.1,0.0001,0.9,100,cosine,42,fixed,e12_fixed,2368.4500000000003,98.72,98.56,0.0008576112229997,100.0,0.0479843068267655,0,100,777.0
mlp,mnist,SGDM+WD,128,0.1,0.001,0.9,100,cosine,42,fixed,e12_fixed,2368.4500000000003,98.62,98.54,0.0090455269654591,99.98833333333332,0.0442316650320775,0,100,779.1
mlp,mnist,SGD+WD,128,0.1,0.0075,0.0,100,cosine,42,fixed,e12_fixed,2368.4500000000003,97.73,97.66,0.0807730744640032,98.32166666666669,0.0929608098790049,0,100,782.4
mlp,mnist,SGDM+WD,128,0.1,0.0006,0.9,100,cosine,42,fixed,e12_fixed,2368.4500000000003,98.7,98.68,0.0052714257853726,99.99666666666668,0.0428277070428943,0,100,796.8
mlp,mnist,SGDM+WD,128,0.1,0.003,0.9,100,cosine,42,fixed,e12_fixed,2368.4500000000003,98.44,98.29,0.03220482066075,99.58166666666666,0.0573425619505345,0,100,500.5
mlp,mnist,SGDM+WD,128,0.1,0.005,0.9,100,cosine,42,fixed,e12_fixed,2368.4500000000003,98.02,97.94,0.0559815176447232,98.91666666666669,0.073768097794801,0,100,484.0
mlp,mnist,SGDM+WD,128,0.1,5.809e-05,0.9,100,cosine,42,iso_product,e12_matched,2368.45,98.67,98.58,0.0051447656611601,99.99833333333332,0.0471946580267278,0,100,665.0
mlp,mnist,SGDM+WD,128,0.1,0.001529,0.9,100,cosine,42,linear_up,e12_matched,2368.45,98.6,98.52,0.0124585335115591,99.975,0.047122970122192,0,100,683.5
mlp,mnist,SGDM+WD,128,0.1,0.0001743,0.9,100,cosine,42,iso_product,e12_matched,2368.45,98.66,98.46,0.0165628595193227,99.94166666666666,0.0497569054512307,0,100,686.7
mlp,mnist,SGDM+WD,128,0.1,0.0001417,0.9,100,cosine,42,linear,e12_matched,2368.45,98.74,98.67,0.0003170203030264,100.0,0.0530695477997591,0,100,691.8
mlp,mnist,SGDM+WD,128,0.1,0.001019,0.9,100,cosine,42,linear_up,e12_matched,2368.45,98.73,98.64,0.0079301069080829,99.995,0.0436380200388841,0,100,698.3
mlp,mnist,SGDM+WD,128,0.1,0.0003397,0.9,100,cosine,42,linear_up,e12_matched,2368.45,98.68,98.58,0.0025217050114025,100.0,0.0453203593210782,0,100,703.8
mlp,mnist,SGDM+WD,128,0.1,0.0002614,0.9,100,cosine,42,iso_product,e12_matched,2368.45,98.6,98.4,0.0259645248919725,99.75666666666666,0.0541393609626218,0,100,711.5
mlp,mnist,SGDM+WD,128,0.1,0.002038,0.9,100,cosine,42,linear_up,e12_matched,2368.45,98.57,98.48,0.0171589786152044,99.92833333333331,0.0492688509966246,0,100,724.1
mlp,mnist,SGDM+WD,128,0.1,0.0003485,0.9,100,cosine,42,iso_product,e12_matched,2368.45,98.58,98.29,0.0358220056990782,99.54333333333334,0.0605380634982138,0,100,726.1
mlp,mnist,SGDM+WD,128,0.1,0.0004252,0.9,100,cosine,42,linear,e12_matched,2368.45,98.77,98.68,0.0007878998438517,100.0,0.0443588673787649,0,100,741.2
mlp,mnist,SGDM+WD,128,0.1,0.0006378,0.9,100,cosine,42,linear,e12_matched,2368.45,98.76,98.72,0.0010688988626003,100.0,0.0435940888110824,0,100,761.5
mlp,mnist,SGDM+WD,128,0.1,0.0008503,0.9,100,cosine,42,linear,e12_matched,2368.45,98.71,98.71,0.0013569574297095,100.0,0.0440604323799139,0,100,783.4
mlp,mnist,SGDM+WD,128,0.1,0.002548,0.9,100,cosine,42,linear_up,e12_matched,2368.45,98.57,98.48,0.0221881678154071,99.83333333333331,0.0518411541044712,0,100,655.2
mlp,mnist,SGDM+WD,128,0.1,0.004076,0.9,100,cosine,42,linear_up,e12_matched,2368.45,98.36,98.28,0.0382696659127871,99.46166666666667,0.0621327739927917,0,100,620.7
mlp,mnist,SGDM+WD,128,0.1,0.0005228,0.9,100,cosine,42,iso_product,e12_matched,2368.45,98.41,98.12,0.0556744779308637,98.975,0.0732346204146742,0,100,636.4
mlp,mnist,SGDM+WD,128,0.1,0.001063,0.9,100,cosine,42,linear,e12_matched,2368.45,98.71,98.65,0.0016118464152018,100.0,0.0424449209781276,0,100,658.9
mlp,mnist,SGDM+WD,128,0.1,0.001276,0.9,100,cosine,42,linear,e12_matched,2368.45,98.68,98.67,0.0019057740887006,99.99833333333332,0.0429318220220098,0,100,646.1
mlp,mnist,SGDM+WD,128,0.1,0.0004357,0.9,100,cosine,42,iso_product,e12_matched,2368.45,98.39,98.2,0.0459389295955499,99.23833333333332,0.0665623434744775,0,100,661.5
mlp,mnist,SGDM+WD,128,0.1,0.003057,0.9,100,cosine,42,linear_up,e12_matched,2368.45,98.53,98.41,0.0274881071497996,99.73,0.0551939731622114,0,100,657.3
mlp,mnist,SGDM+WD,128,0.1,0.001701,0.9,100,cosine,42,linear,e12_matched,2368.45,98.76,98.7,0.0024429804166158,99.99833333333332,0.0425307966060529,0,100,657.6
mlp,mnist,SGDM+WD,128,0.1,0.0006971,0.9,100,cosine,42,iso_product,e12_matched,2368.45,98.25,97.82,0.0737416859785715,98.50833333333334,0.0863552542850375,0,100,669.1
mlp,mnist,SGD+WD,128,0.1,0.005669,0.0,100,cosine,42,linear,e12_matched,2368.45,98.36,98.32,0.0173416027873754,99.80666666666669,0.0529000948354136,0,100,821.4
mlp,mnist,SGD+WD,128,0.1,0.001162,0.0,100,cosine,42,iso_product,e12_matched,2368.45,98.32,97.49,0.0983301927804947,98.115,0.1093740797370672,0,100,825.6
mlp,mnist,SGD+WD,128,0.1,0.008503,0.0,100,cosine,42,linear,e12_matched,2368.45,98.29,98.24,0.0268596814930439,99.53,0.0568788133984431,0,100,831.6
mlp,mnist,SGD+WD,128,0.1,0.004647,0.0,100,cosine,42,iso_product,e12_matched,2368.45,97.78,93.29,0.3061316186110178,93.24,0.2949517041683197,0,100,835.2
mlp,mnist,SGD+WD,128,0.1,0.002834,0.0,100,cosine,42,linear,e12_matched,2368.45,98.47,98.41,0.0083153929109374,99.97166666666666,0.0490487290043151,0,100,850.2
mlp,mnist,SGD+WD,128,0.1,0.006794,0.0,100,cosine,42,linear_up,e12_matched,2368.45,98.34,97.95,0.0571107275466124,99.02,0.0777947250641882,0,100,854.9
mlp,mnist,SGD+WD,128,0.1,0.01134,0.0,100,cosine,42,linear,e12_matched,2368.45,98.19,98.15,0.0358504824956258,99.26833333333332,0.0614861861059442,0,100,861.2
mlp,mnist,SGD+WD,128,0.1,0.002324,0.0,100,cosine,42,iso_product,e12_matched,2368.45,98.18,95.93,0.1802411578337351,96.135,0.1780139344632625,0,100,861.2
mlp,mnist,SGD+WD,128,0.1,0.02717,0.0,100,cosine,42,linear_up,e12_matched,2368.45,98.05,95.76,0.1916651156187057,95.80333333333331,0.1878931505441665,0,100,863.8
mlp,mnist,SGD+WD,128,0.1,0.02038,0.0,100,cosine,42,linear_up,e12_matched,2368.45,98.12,96.44,0.1527539169549942,96.71166666666667,0.1531174812316894,0,100,872.4
mlp,mnist,SGD+WD,128,0.1,0.003485,0.0,100,cosine,42,iso_product,e12_matched,2368.45,97.97,94.65,0.2471911178747813,94.58333333333331,0.239092316031456,0,100,871.1
mlp,mnist,SGD+WD,128,0.1,0.01359,0.0,100,cosine,42,linear_up,e12_matched,2368.45,98.17,97.26,0.1094153277595837,97.73833333333332,0.116704428049922,0,100,889.3
mlp,mnist,SGD+WD,128,0.1,0.04076,0.0,100,cosine,42,linear_up,e12_matched,2368.45,97.88,94.28,0.2608146570364634,94.22333333333331,0.2524089399695396,0,100,694.1
mlp,mnist,SGD+WD,128,0.1,0.04252,0.0,100,cosine,42,linear,e12_matched,2368.45,96.87,96.86,0.1050735498706499,97.24,0.1118719432801008,0,100,666.2
mlp,mnist,SGD+WD,128,0.1,0.01701,0.0,100,cosine,42,linear,e12_matched,2368.45,97.97,97.95,0.0509772919058799,98.82,0.070440332127735,0,100,722.1
mlp,mnist,SGD+WD,128,0.1,0.06114,0.0,100,cosine,42,linear_up,e12_matched,2368.45,97.67,92.45,0.3492952540079753,92.27166666666666,0.33707085313797,0,100,715.1
mlp,mnist,SGD+WD,128,0.1,0.01046,0.0,100,cosine,42,iso_product,e12_matched,2368.45,96.93,88.85,0.5334620689074199,88.55,0.517312535238266,0,100,709.9
mlp,mnist,SGD+WD,128,0.1,0.1019,0.0,100,cosine,42,linear_up,e12_matched,2368.45,97.4,89.46,0.4952689202308655,89.24833333333333,0.4802633929252624,0,100,717.6
mlp,mnist,SGD+WD,128,0.1,0.02551,0.0,100,cosine,42,linear,e12_matched,2368.45,97.69,97.65,0.0701946454524993,98.25666666666666,0.0839698076114058,0,100,745.2
mlp,mnist,SGD+WD,128,0.1,0.006971,0.0,100,cosine,42,iso_product,e12_matched,2368.45,97.45,90.97,0.408861438481013,90.965,0.3944909026384353,0,100,761.8
mlp,mnist,SGD+WD,128,0.1,0.01743,0.0,100,cosine,42,iso_product,e12_matched,2368.45,95.68,85.4,0.746927971013387,85.17333333333333,0.7282031119346619,0,100,750.6
vgg16,cifar100,SGDM+WD,128,0.1,0.0006,0.9,100,cosine,42,fixed,e12_fixed,1974.5500000000009,72.95,72.91,0.0224574311369657,99.52,1.3560927673339844,0,100,906.2
vgg16,cifar100,SGD+WD,128,0.1,0.0075,0.0,100,cosine,42,fixed,e12_fixed,1974.5500000000009,74.95,74.66,0.0605953689408302,99.734,1.022318052482605,0,100,1191.3
vgg16,cifar100,SGD+WD,128,0.1,0.01,0.0,100,cosine,42,fixed,e12_fixed,1974.5500000000009,75.16,75.13,0.0870946367239952,99.618,1.0004242016792295,0,100,1241.3
vgg16,cifar100,SGD+WD,128,0.1,0.005,0.0,100,cosine,42,fixed,e12_fixed,1974.5500000000009,74.83,74.83,0.0364849887931346,99.886,1.0463458715438845,0,100,1340.8
vgg16,cifar100,SGD+WD,128,0.1,0.002,0.0,100,cosine,42,fixed,e12_fixed,1974.5500000000009,73.67,73.67,0.0136456855031847,99.948,1.1151478385925293,0,100,2402.2
vgg16,cifar100,SGD+WD,128,0.1,0.02,0.0,100,cosine,42,fixed,e12_fixed,1974.5500000000009,74.1,73.93,0.2581272637939453,97.826,1.0651642068862914,0,100,1225.1
vgg16,cifar100,SGD+WD,128,0.1,0.003,0.0,100,cosine,42,fixed,e12_fixed,1974.5500000000009,74.2,73.88,0.0207272945678234,99.926,1.0866467790603638,0,100,2448.6
vgg16,cifar100,SGD+WD,128,0.1,0.001,0.0,100,cosine,42,fixed,e12_fixed,1974.5500000000009,72.35,72.24,0.0075999051260948,99.964,1.187128777885437,0,100,2453.2
vgg16,cifar100,SGDM+WD,128,0.1,0.0001,0.9,100,cosine,42,fixed,e12_fixed,1974.5500000000009,69.29,69.25,0.0166859466713666,99.568,1.8933311416625973,0,100,1223.8
vgg16,cifar100,SGDM+WD,128,0.1,0.0003,0.9,100,cosine,42,fixed,e12_fixed,1974.5500000000009,72.27,72.2,0.0144379725670814,99.656,1.4923985176086425,0,100,1297.1
vgg16,cifar100,SGDM+WD,128,0.1,0.002,0.9,100,cosine,42,fixed,e12_fixed,1974.5500000000009,72.39,72.39,0.0844424065518379,98.096,1.1819991116523745,0,100,836.8
vgg16,cifar100,SGDM+WD,128,0.1,0.001,0.9,100,cosine,42,fixed,e12_fixed,1974.5500000000009,73.02,73.02,0.035393420073986,99.234,1.255499430656433,0,100,2352.2
vgg16,cifar100,SGDM+WD,128,0.1,0.003,0.9,100,cosine,42,fixed,e12_fixed,1974.5500000000009,71.16,71.16,0.1808177541494369,95.542,1.142734548187256,0,100,2354.4
vgg16,cifar100,SGDM+WD,128,0.1,0.005,0.9,100,cosine,42,fixed,e12_fixed,1974.5500000000009,67.5,67.28,0.5040877894210816,86.36,1.2118810914039613,0,100,2353.1
vgg16,cifar100,SGDM+WD,128,0.1,0.0004724,0.9,100,cosine,42,linear,e12_matched,1974.55,72.24,72.12,0.0122650570273399,99.72,1.6224884881019592,0,100,1335.9
vgg16,cifar100,SGDM+WD,128,0.1,0.0001936,0.9,100,cosine,42,iso_product,e12_matched,1974.55,72.86,72.77,0.0313349167156219,99.458,1.221523731613159,0,100,1396.1
vgg16,cifar100,SGDM+WD,128,0.1,0.0005809,0.9,100,cosine,42,iso_product,e12_matched,1974.55,74.24,74.23,0.1680655535936355,96.472,1.0194512226104735,0,100,1403.5
vgg16,cifar100,SGDM+WD,128,0.1,0.003397,0.9,100,cosine,42,linear_up,e12_matched,1974.55,73.84,73.84,0.0900061088609695,98.1,1.0796176113128662,0,100,1724.8
vgg16,cifar100,SGDM+WD,128,0.1,0.001132,0.9,100,cosine,42,linear_up,e12_matched,1974.55,73.07,72.99,0.0263276777207851,99.51,1.282010078048706,0,100,1812.3
vgg16,cifar100,SGDM+WD,128,0.1,0.001417,0.9,100,cosine,42,linear,e12_matched,1974.55,72.46,72.46,0.0276241987097263,99.308,1.4163387266159058,0,100,1816.3
vgg16,cifar100,SGDM+WD,128,0.1,0.005095,0.9,100,cosine,42,linear_up,e12_matched,1974.55,73.11,73.11,0.166292872724533,96.352,1.0619112133026123,0,100,1314.7
vgg16,cifar100,SGDM+WD,128,0.1,0.002126,0.9,100,cosine,42,linear,e12_matched,1974.55,72.16,72.16,0.0300297080910205,99.262,1.4101186532974244,0,100,1409.9
vgg16,cifar100,SGDM+WD,128,0.1,0.0008713,0.9,100,cosine,42,iso_product,e12_matched,1974.55,73.68,73.68,0.2849485335731506,93.77,1.0089217769622802,0,100,1412.9
vgg16,cifar100,SGDM+WD,128,0.1,0.006794,0.9,100,cosine,42,linear_up,e12_matched,1974.55,72.47,72.31,0.2556653129386901,94.134,1.0500017972946167,0,100,1779.9
vgg16,cifar100,SGDM+WD,128,0.1,0.002834,0.9,100,cosine,42,linear,e12_matched,1974.55,71.57,71.5,0.0437080781602859,98.85,1.390521155834198,0,100,1861.2
vgg16,cifar100,SGDM+WD,128,0.1,0.001162,0.9,100,cosine,42,iso_product,e12_matched,1974.55,72.35,72.35,0.4325591103553772,90.268,1.0489523498535156,0,100,1867.9
vgg16,cifar100,SGDM+WD,128,0.1,0.008492,0.9,100,cosine,42,linear_up,e12_matched,1974.55,71.79,71.79,0.3642783519935608,91.32,1.0621951498031617,0,100,1340.2
vgg16,cifar100,SGDM+WD,128,0.1,0.003543,0.9,100,cosine,42,linear,e12_matched,1974.55,71.4,71.26,0.0679216452646255,98.238,1.350344379425049,0,100,1431.1
vgg16,cifar100,SGDM+WD,128,0.1,0.001452,0.9,100,cosine,42,iso_product,e12_matched,1974.55,71.86,71.86,0.5541574839401245,87.522,1.0844171503067015,0,100,1429.7
vgg16,cifar100,SGDM+WD,128,0.1,0.01019,0.9,100,cosine,42,linear_up,e12_matched,1974.55,70.72,70.72,0.4871314107894897,87.998,1.1028532524108887,0,100,1636.7
vgg16,cifar100,SGDM+WD,128,0.1,0.001743,0.9,100,cosine,42,iso_product,e12_matched,1974.55,69.77,69.77,0.6966094322395324,84.344,1.1466563215255738,0,100,1661.9
vgg16,cifar100,SGDM+WD,128,0.1,0.01359,0.9,100,cosine,42,linear_up,e12_matched,1974.55,67.79,67.79,0.7631495600700379,80.98,1.2166970907211303,0,100,1357.1
vgg16,cifar100,SGDM+WD,128,0.1,0.004252,0.9,100,cosine,42,linear,e12_matched,1974.55,70.06,70.0,0.1100518746423721,96.868,1.3411889999389648,0,100,1693.2
vgg16,cifar100,SGDM+WD,128,0.1,0.005669,0.9,100,cosine,42,linear,e12_matched,1974.55,68.02,68.02,0.1935451680088043,94.45,1.3616748123168945,0,100,1283.2
vgg16,cifar100,SGDM+WD,128,0.1,0.002324,0.9,100,cosine,42,iso_product,e12_matched,1974.55,66.57,66.57,1.0198362996673584,76.594,1.323098656272888,0,100,1305.3
vgg16,cifar100,SGD+WD,128,0.1,0.02834,0.0,100,cosine,42,linear,e12_matched,1974.55,73.44,73.33,0.0788955900359153,98.86,1.106897162055969,0,100,1324.2
vgg16,cifar100,SGD+WD,128,0.1,0.06794,0.0,100,cosine,42,linear_up,e12_matched,1974.55,70.48,70.45,1.0711333001708985,86.238,1.4831615133285525,0,100,1359.7
vgg16,cifar100,SGD+WD,128,0.1,0.01417,0.0,100,cosine,42,linear,e12_matched,1974.55,74.29,74.27,0.0277251218807697,99.74,1.102820658302307,0,100,1364.3
vgg16,cifar100,SGD+WD,128,0.1,0.03397,0.0,100,cosine,42,linear_up,e12_matched,1974.55,75.43,75.36,0.3251408500480652,98.314,1.0772158823013305,0,100,1577.9
vgg16,cifar100,SGD+WD,128,0.1,0.005809,0.0,100,cosine,42,iso_product,e12_matched,1974.55,75.89,75.89,0.7276512420272827,95.366,1.2944656606674194,0,100,1584.4
vgg16,cifar100,SGD+WD,128,0.1,0.01162,0.0,100,cosine,42,iso_product,e12_matched,1974.55,47.34,47.34,2.887781552886963,49.778,2.913346199417114,0,100,1619.8
vgg16,cifar100,SGD+WD,128,0.1,0.1019,0.0,100,cosine,42,linear_up,e12_matched,1974.55,45.21,45.21,2.361900156402588,49.03,2.459951510238648,0,100,1311.2
vgg16,cifar100,SGD+WD,128,0.1,0.04252,0.0,100,cosine,42,linear,e12_matched,1974.55,66.26,66.24,0.633238880443573,83.122,1.2920518520355224,0,100,1309.0
vgg16,cifar100,SGD+WD,128,0.1,0.01743,0.0,100,cosine,42,iso_product,e12_matched,1974.55,31.69,1.0,4.60546875,1.0,4.605169927215576,0,100,1316.8
vgg16,cifar100,SGD+WD,128,0.1,0.05669,0.0,100,cosine,42,linear,e12_matched,1974.55,4.21,1.0,4.60546875,1.0,4.605170301055908,0,100,1723.8
vgg16,cifar100,SGD+WD,128,0.1,0.1359,0.0,100,cosine,42,linear_up,e12_matched,1974.55,35.91,20.68,3.687087997970581,21.504,3.6727359504699706,0,100,1744.2
vgg16,cifar100,SGD+WD,128,0.1,0.02324,0.0,100,cosine,42,iso_product,e12_matched,1974.55,22.46,1.0,4.60546875,0.936,4.6051701698303225,0,100,1772.4
vgg16,cifar100,SGD+WD,128,0.1,0.2038,0.0,100,cosine,42,linear_up,e12_matched,1974.55,28.99,1.0,4.60546875,1.0,4.605170024871827,0,100,1296.3
vgg16,cifar100,SGD+WD,128,0.1,0.03485,0.0,100,cosine,42,iso_product,e12_matched,1974.55,11.38,1.0,4.60546875,0.958,4.605169976806641,0,100,1317.1
vgg16,cifar100,SGD+WD,128,0.1,0.08503,0.0,100,cosine,42,linear,e12_matched,1974.55,4.04,1.0,4.60546875,1.0,4.60517039642334,0,100,1350.5
vgg16,cifar100,SGD+WD,128,0.1,0.3057,0.0,100,cosine,42,linear_up,e12_matched,1974.55,25.53,1.0,4.60546875,0.968,4.605170453643799,0,100,1718.2
vgg16,cifar100,SGD+WD,128,0.1,0.1276,0.0,100,cosine,42,linear,e12_matched,1974.55,2.52,1.0,4.60546875,1.0,4.605170059967041,0,100,1765.2
vgg16,cifar100,SGD+WD,128,0.1,0.05228,0.0,100,cosine,42,iso_product,e12_matched,1974.55,4.31,1.0,4.60546875,1.0,4.605170039367676,0,100,1773.0
vgg16,cifar100,SGD+WD,128,0.1,0.5095,0.0,100,cosine,42,linear_up,e12_matched,1974.55,18.47,1.0,4.60546875,1.0,4.605170001983643,0,100,1242.5
vgg16,cifar100,SGD+WD,128,0.1,0.2126,0.0,100,cosine,42,linear,e12_matched,1974.55,1.0,1.0,4.60546875,1.0,4.605169902038575,0,100,1310.1
vgg16,cifar100,SGD+WD,128,0.1,0.08713,0.0,100,cosine,42,iso_product,e12_matched,1974.55,3.83,1.0,4.60546875,1.0,4.605170182037353,0,100,1294.6
mlp,cifar10,SGDM+WD,128,0.1,0.005095,0.9,100,cosine,123,linear_up,e12_ms,1974.55,58.17,58.01,0.4561266290187836,88.224,1.2661460039138794,0,100,578.1
mlp,cifar10,SGDM+WD,128,0.1,0.001,0.9,100,cosine,123,fixed,e12_ms,1974.5500000000009,56.24,56.2,0.1030788852882385,98.416,1.889771217727661,0,100,634.3
mlp,cifar10,SGDM+WD,128,0.1,0.001,0.9,100,cosine,2024,fixed,e12_ms,1974.5500000000009,56.47,56.32,0.1100714028644561,98.208,1.8864997783660888,0,100,785.4
resnet18,cifar100,SGD+WD,128,0.1,0.03048,0.0,100,cosine,2024,linear_up,e12_ms,1974.55,78.22,78.04,0.4294885980319977,98.078,0.9983972338676452,0,100,1337.9
mlp,cifar10,SGDM+WD,128,0.1,0.005095,0.9,100,cosine,2024,linear_up,e12_ms,1974.55,58.02,57.99,0.4524576273918151,88.524,1.2693782333374024,0,100,781.6
mlp,cifar10,SGD+WD,128,0.1,0.01,0.0,100,cosine,123,fixed,e12_ms,1974.5500000000009,57.89,57.89,0.5770536125373841,85.298,1.2119351274490358,0,100,758.4
mlp,cifar10,SGD+WD,128,0.1,0.01,0.0,100,cosine,2024,fixed,e12_ms,1974.5500000000009,58.17,58.16,0.5759604933547974,85.464,1.2102652561187743,0,100,799.9
resnet18,cifar100,SGD+WD,128,0.1,0.03048,0.0,100,cosine,123,linear_up,e12_ms,1974.55,78.22,78.22,0.4312483599853515,98.054,1.0049217328071594,0,100,1652.3
resnet18,cifar100,SGD+WD,128,0.1,0.005,0.0,100,cosine,2024,fixed,e12_ms,1974.5500000000009,77.78,77.71,0.05758737768054,99.914,0.8851969850540161,0,100,1789.0
mlp,cifar10,SGD+WD,128,0.1,0.03397,0.0,100,cosine,123,linear_up,e12_ms,1974.55,55.09,54.49,1.1906545691680908,60.884,1.3147076126098634,0,100,549.6
mlp,cifar10,SGD+WD,128,0.1,0.03397,0.0,100,cosine,2024,linear_up,e12_ms,1974.55,55.46,54.55,1.1913520822906494,60.802,1.3173170490264892,0,100,580.8
mlp,mnist,SGDM+WD,128,0.1,0.0003,0.9,100,cosine,123,fixed,e12_ms,2368.4500000000003,98.78,98.73,0.0025562147854516,100.0,0.041981394014717,0,100,582.4
mlp,mnist,SGDM+WD,128,0.1,0.0003,0.9,100,cosine,2024,fixed,e12_ms,2368.4500000000003,98.79,98.7,0.002580576012656,99.99833333333332,0.0417475260935025,0,100,635.5
mlp,mnist,SGDM+WD,128,0.1,0.0004252,0.9,100,cosine,123,linear,e12_ms,2368.45,98.82,98.73,0.0007780042449322,100.0,0.0426868582484574,0,100,621.5
mlp,mnist,SGD+WD,128,0.1,0.002,0.0,100,cosine,123,fixed,e12_ms,2368.4500000000003,98.43,98.38,0.0205803310781717,99.85166666666667,0.0539625826626084,0,100,547.6
mlp,mnist,SGDM+WD,128,0.1,0.0004252,0.9,100,cosine,2024,linear,e12_ms,2368.45,98.79,98.71,0.0007805815517902,100.0,0.0437176828026807,0,100,656.7
mlp,mnist,SGD+WD,128,0.1,0.002,0.0,100,cosine,2024,fixed,e12_ms,2368.4500000000003,98.39,98.32,0.02059924279054,99.84666666666666,0.05418097568769,0,100,545.5
mlp,mnist,SGD+WD,128,0.1,0.002834,0.0,100,cosine,123,linear,e12_ms,2368.45,98.47,98.41,0.0083172170385718,99.975,0.0490038709933869,0,100,582.3
resnet18,cifar100,SGD+WD,128,0.1,0.005,0.0,100,cosine,123,fixed,e12_ms,1974.5500000000009,77.43,77.25,0.0581364611136913,99.9,0.8861367513656616,0,100,2676.9
resnet18,cifar100,SGD+WD,128,0.1,0.005,0.0,100,cosine,42,fixed,e12_ms,1974.5500000000009,77.75,77.75,0.0579152158617973,99.902,0.8918623781204223,0,100,2773.2
resnet18,cifar100,SGD+WD,128,0.1,0.03048,0.0,100,cosine,42,linear_up,e12_ms,1974.55,78.08,77.99,0.4261056402492523,98.26,0.9996629455566406,0,100,2832.5
mlp,mnist,SGD+WD,128,0.1,0.002834,0.0,100,cosine,2024,linear,e12_ms,2368.45,98.45,98.34,0.0083104378158847,99.97166666666666,0.0489276407845551,0,100,786.6
vgg16,cifar100,SGDM+WD,128,0.1,0.001,0.9,100,cosine,123,fixed,e12_ms,1974.5500000000009,73.1,73.1,0.0342403477966785,99.306,1.2535832891464234,0,100,1196.8
vgg16,cifar100,SGDM+WD,128,0.1,0.0005809,0.9,100,cosine,123,iso_product,e12_ms,1974.55,73.38,73.38,0.1659680195713043,96.484,1.0466648871421813,0,100,1219.8
vgg16,cifar100,SGDM+WD,128,0.1,0.001,0.9,100,cosine,2024,fixed,e12_ms,1974.5500000000009,73.15,73.14,0.03153597376585,99.34,1.24190036945343,0,100,1501.2
vgg16,cifar100,SGDM+WD,128,0.1,0.0005809,0.9,100,cosine,2024,iso_product,e12_ms,1974.55,73.84,73.68,0.1750516030168533,96.23,1.0388934071540832,0,100,1644.2
vgg16,cifar100,SGD+WD,128,0.1,0.01,0.0,100,cosine,123,fixed,e12_ms,1974.5500000000009,74.67,74.31,0.0866385407304763,99.65,1.018676539516449,0,100,1601.7
vgg16,cifar100,SGD+WD,128,0.1,0.01,0.0,100,cosine,2024,fixed,e12_ms,1974.5500000000009,75.1,75.1,0.0882748240685463,99.558,1.0142283742904663,0,100,1687.1
vgg16,cifar100,SGD+WD,128,0.1,0.005809,0.0,100,cosine,123,iso_product,e12_ms,1974.55,76.43,76.19,0.7252420263290406,95.382,1.2904697008132937,0,100,1613.7
vgg16,cifar100,SGD+WD,128,0.1,0.005809,0.0,100,cosine,2024,iso_product,e12_ms,1974.55,75.78,75.78,0.7231449585151672,95.38,1.2937349607467652,0,100,1611.7
resnet50,cifar100,SGD+WD,128,0.1,0.002,0.0,100,cosine,42,fixed,e12_fixed,1974.5500000000009,78.64,78.26,0.0195019716072082,99.962,0.8726228246688843,0,100,4864.3
resnet50,cifar100,SGD+WD,128,0.1,0.001,0.0,100,cosine,42,fixed,e12_fixed,1974.5500000000009,77.63,77.47,0.0085482633283734,99.978,0.9003882514953613,0,100,4866.3
resnet50,cifar100,SGD+WD,128,0.1,0.003,0.0,100,cosine,42,fixed,e12_fixed,1974.5500000000009,78.94,78.8,0.0318120719528198,99.912,0.8554211238861084,0,100,6296.3
resnet50,cifar100,SGD+WD,128,0.1,0.005,0.0,100,cosine,42,fixed,e12_fixed,1974.5500000000009,79.21,79.1,0.0531790985846519,99.874,0.8379272686004638,0,100,6324.0
resnet50,cifar100,SGD+WD,128,0.1,0.0075,0.0,100,cosine,42,fixed,e12_fixed,1974.5500000000009,78.98,78.84,0.09452172041893,99.66,0.8344728869438172,0,100,4873.0
resnet50,cifar100,SGD+WD,128,0.1,0.01,0.0,100,cosine,42,fixed,e12_fixed,1974.5500000000009,78.65,78.59,0.1375448672485351,99.434,0.8515219194412231,0,100,4873.7
resnet50,cifar100,SGD+WD,128,0.1,0.02,0.0,100,cosine,42,fixed,e12_fixed,1974.5500000000009,73.4,73.29,0.5503336895751954,91.812,1.0612689971923828,0,100,6110.2
resnet50,cifar100,SGDM+WD,128,0.1,0.0001,0.9,100,cosine,42,fixed,e12_fixed,1974.5500000000009,72.66,72.66,0.0041795200034976,99.956,1.3677330204963685,0,100,6113.7
resnet50,cifar100,SGDM+WD,128,0.1,0.0006,0.9,100,cosine,42,fixed,e12_fixed,1974.5500000000009,76.07,76.07,0.0140238241845369,99.91,1.0009720685958865,0,100,4913.7
resnet50,cifar100,SGDM+WD,128,0.1,0.0003,0.9,100,cosine,42,fixed,e12_fixed,1974.5500000000009,74.94,74.67,0.0077745436784625,99.956,1.0726850555419922,0,100,4916.7
resnet50,cifar100,SGDM+WD,128,0.1,0.001,0.9,100,cosine,42,fixed,e12_fixed,1974.5500000000009,75.66,75.66,0.033730384812355,99.74,0.9661126865386964,0,100,6243.5
resnet50,cifar100,SGDM+WD,128,0.1,0.002,0.9,100,cosine,42,fixed,e12_fixed,1974.5500000000009,72.34,72.34,0.2294433372306823,95.294,1.0197362350463868,0,100,6254.2
resnet50,cifar100,SGDM+WD,128,0.1,0.003,0.9,100,cosine,42,fixed,e12_fixed,1974.5500000000009,64.52,64.45,0.7372480054855347,81.216,1.3023400663375857,0,100,4906.5
resnet50,cifar100,SGDM+WD,128,0.1,0.005,0.9,100,cosine,42,fixed,e12_fixed,1974.5500000000009,55.48,55.48,1.4578939461517333,62.268,1.6809262567520142,0,100,4912.3
resnet50,cifar100,SGDM+WD,128,0.1,0.0006794,0.9,100,cosine,42,linear_up,e12_matched,1974.55,75.23,75.23,0.0103790507113933,99.948,1.022546071434021,0,100,4913.2
resnet50,cifar100,SGDM+WD,128,0.1,0.002038,0.9,100,cosine,42,linear_up,e12_matched,1974.55,78.68,78.68,0.0348629928821325,99.752,0.828610968875885,0,100,4916.4
resnet50,cifar100,SGDM+WD,128,0.1,0.0002834,0.9,100,cosine,42,linear,e12_matched,1974.55,74.38,74.23,0.0029513229537755,99.96,1.3651778345108032,0,100,6291.0
resnet50,cifar100,SGDM+WD,128,0.1,0.0001162,0.9,100,cosine,42,iso_product,e12_matched,1974.55,75.08,75.05,0.0145733205592632,99.96,0.9956902709007264,0,100,6328.5
resnet50,cifar100,SGDM+WD,128,0.1,0.0008503,0.9,100,cosine,42,linear,e12_matched,1974.55,77.01,76.98,0.0064855354951322,99.946,1.0580693899154665,0,100,4881.6
resnet50,cifar100,SGDM+WD,128,0.1,0.0003485,0.9,100,cosine,42,iso_product,e12_matched,1974.55,78.51,78.41,0.0601617182457447,99.564,0.8247294018745422,0,100,4882.7
resnet50,cifar100,SGDM+WD,128,0.1,0.003057,0.9,100,cosine,42,linear_up,e12_matched,1974.55,78.72,78.72,0.0743574635457992,99.102,0.802636386680603,0,100,6200.1
resnet50,cifar100,SGDM+WD,128,0.1,0.001276,0.9,100,cosine,42,linear,e12_matched,1974.55,76.47,76.18,0.0099478132361173,99.902,1.081710677051544,0,100,6272.2
resnet50,cifar100,SGDM+WD,128,0.1,0.0005228,0.9,100,cosine,42,iso_product,e12_matched,1974.55,77.42,77.42,0.1748420262432098,97.434,0.8455151942253113,0,100,4897.8
resnet50,cifar100,SGDM+WD,128,0.1,0.004076,0.9,100,cosine,42,linear_up,e12_matched,1974.55,78.27,78.27,0.1325923958301544,97.724,0.8030228942871094,0,100,4899.4
resnet50,cifar100,SGDM+WD,128,0.1,0.001701,0.9,100,cosine,42,linear,e12_matched,1974.55,76.42,76.3,0.0153477459794282,99.782,1.102365735435486,0,100,6125.1
resnet50,cifar100,SGDM+WD,128,0.1,0.0006971,0.9,100,cosine,42,iso_product,e12_matched,1974.55,77.33,77.33,0.2796610468006134,94.936,0.8461805464744568,0,100,6222.8
resnet50,cifar100,SGDM+WD,128,0.1,0.005095,0.9,100,cosine,42,linear_up,e12_matched,1974.55,77.43,77.43,0.2019596471118927,96.12,0.8329636163711548,0,100,4861.5
resnet50,cifar100,SGDM+WD,128,0.1,0.002126,0.9,100,cosine,42,linear,e12_matched,1974.55,75.83,75.83,0.0278901441121101,99.552,1.0988902952194213,0,100,4863.6
resnet50,cifar100,SGDM+WD,128,0.1,0.006114,0.9,100,cosine,42,linear_up,e12_matched,1974.55,77.23,76.98,0.2806498983192443,94.164,0.8356735626220703,0,100,4593.6
resnet50,cifar100,SGDM+WD,128,0.1,0.002551,0.9,100,cosine,42,linear,e12_matched,1974.55,74.44,74.44,0.0414167907738685,99.478,1.0787520835876463,0,100,4593.7
resnet50,cifar100,SGDM+WD,128,0.1,0.001046,0.9,100,cosine,42,iso_product,e12_matched,1974.55,76.42,76.42,0.4786173801612854,90.208,0.8745975328445434,0,100,5454.1
resnet50,cifar100,SGDM+WD,128,0.1,0.0008713,0.9,100,cosine,42,iso_product,e12_matched,1974.55,77.08,77.08,0.3915288799285888,92.268,0.8460568239212036,0,100,5456.7
resnet50,cifar100,SGDM+WD,128,0.1,0.001394,0.9,100,cosine,42,iso_product,e12_matched,1974.55,73.09,72.86,0.719370290184021,84.56,1.0053030691146851,0,100,3006.4
resnet50,cifar100,SGDM+WD,128,0.1,0.008152,0.9,100,cosine,42,linear_up,e12_matched,1974.55,75.1,75.1,0.4600886239814758,89.606,0.9117506514549256,0,100,4578.8
resnet50,cifar100,SGDM+WD,128,0.1,0.003401,0.9,100,cosine,42,linear,e12_matched,1974.55,64.44,64.44,0.2190378183221817,94.984,1.4444607303619386,0,100,4578.4
resnet50,cifar100,SGD+WD,128,0.1,0.007086,0.0,100,cosine,42,linear,e12_matched,1974.55,79.25,79.25,0.0170313906866312,99.894,0.9031759905815124,0,100,4554.6
resnet50,cifar100,SGD+WD,128,0.1,0.01698,0.0,100,cosine,42,linear_up,e12_matched,1974.55,79.55,79.55,0.1867640667676925,99.566,0.8433150079727173,0,100,4557.0
resnet50,cifar100,SGD+WD,128,0.1,0.002904,0.0,100,cosine,42,iso_product,e12_matched,1974.55,79.31,79.29,0.3937924523925781,99.146,0.968181218147278,0,100,5440.0
resnet50,cifar100,SGD+WD,128,0.1,0.03397,0.0,100,cosine,42,linear_up,e12_matched,1974.55,78.98,78.98,0.5525658337402344,95.782,0.9707541187286376,0,100,5440.5
resnet50,cifar100,SGD+WD,128,0.1,0.005809,0.0,100,cosine,42,iso_product,e12_matched,1974.55,75.07,74.79,1.4147375976181031,86.538,1.5531603282928468,0,100,4742.1
resnet50,cifar100,SGD+WD,128,0.1,0.01417,0.0,100,cosine,42,linear,e12_matched,1974.55,78.36,78.36,0.0383320062053203,99.704,0.9161869931697846,0,100,4749.0
resnet50,cifar100,SGD+WD,128,0.1,0.02126,0.0,100,cosine,42,linear,e12_matched,1974.55,75.03,74.79,0.0897765871477127,98.888,1.0248206067085266,0,100,5521.9
resnet50,cifar100,SGD+WD,128,0.1,0.05095,0.0,100,cosine,42,linear_up,e12_matched,1974.55,71.92,71.91,1.1321030444335938,83.892,1.3251906690597537,0,100,5522.2
resnet50,cifar100,SGD+WD,128,0.1,0.008713,0.0,100,cosine,42,iso_product,e12_matched,1974.55,45.41,44.46,3.089154355316162,44.93,3.001496304702759,0,100,5449.2
resnet50,cifar100,SGD+WD,128,0.1,0.06794,0.0,100,cosine,42,linear_up,e12_matched,1974.55,62.48,62.39,1.7588892212677,68.04,1.771578508758545,0,100,5456.1
resnet50,cifar100,SGD+WD,128,0.1,0.02834,0.0,100,cosine,42,linear,e12_matched,1974.55,69.53,69.45,0.380215577583313,91.022,1.1585992055892944,0,100,5463.8
resnet50,cifar100,SGD+WD,128,0.1,0.01162,0.0,100,cosine,42,iso_product,e12_matched,1974.55,38.86,8.95,4.2705335153198245,8.672,4.2500869689941405,0,100,5463.9
resnet50,cifar100,SGD+WD,128,0.1,0.1019,0.0,100,cosine,42,linear_up,e12_matched,1974.55,39.15,25.97,3.308544795074463,25.916,3.239813388061524,0,100,5464.7
resnet50,cifar100,SGD+WD,128,0.1,0.04252,0.0,100,cosine,42,linear,e12_matched,1974.55,27.76,27.76,2.891772192993164,27.974,2.8700436630249024,0,100,5466.2
resnet50,cifar100,SGD+WD,128,0.1,0.01743,0.0,100,cosine,42,iso_product,e12_matched,1974.55,29.38,1.0,4.60546875,0.988,4.605170153045655,0,100,5402.9
resnet50,cifar100,SGD+WD,128,0.1,0.1529,0.0,100,cosine,42,linear_up,e12_matched,1974.55,35.73,1.0,4.60546875,1.0,4.605170330810547,0,100,5404.0
resnet50,cifar100,SGD+WD,128,0.1,0.06378,0.0,100,cosine,42,linear,e12_matched,1974.55,3.31,3.12,4.301739219055176,3.15,4.29738000869751,0,100,5454.0
resnet50,cifar100,SGD+WD,128,0.1,0.02614,0.0,100,cosine,42,iso_product,e12_matched,1974.55,16.5,1.0,4.60546875,0.982,4.605170225524902,0,100,5467.7
resnet50,cifar100,SGD+WD,128,0.1,0.2548,0.0,100,cosine,42,linear_up,e12_matched,1974.55,24.71,1.0,4.60546875,1.0,4.605169961547851,0,100,5526.4
resnet50,cifar100,SGD+WD,128,0.1,0.1063,0.0,100,cosine,42,linear,e12_matched,1974.55,3.3,1.0,4.60546875,1.0,4.605170369720459,0,100,5525.0
resnet50,cifar100,SGD+WD,128,0.1,0.04357,0.0,100,cosine,42,iso_product,e12_matched,1974.55,7.15,1.0,4.60546875,1.0,4.605170212554931,0,100,2986.1
resnet18,cifar100,SGD+WD,128,0.1,0.01417,0.0,100,cosine,42,linear,e12_fill,1974.55,76.92,76.78,0.0364652083134651,99.802,0.9131115322113036,0,100,1633.9
resnet18,cifar100,SGD+WD,128,0.1,0.007086,0.0,100,cosine,42,linear,e12_fill,1974.55,77.22,76.97,0.0186265388858318,99.932,0.9300444019317629,0,100,1643.0
resnet18,cifar100,SGD+WD,128,0.1,0.01063,0.0,100,cosine,42,linear,e12_fill,1974.55,78.04,77.85,0.0265841882050037,99.89,0.894666992855072,0,100,1847.8
resnet18,cifar100,SGD+WD,128,0.1,0.002362,0.0,100,cosine,42,linear,e12_fill,1974.55,77.08,76.82,0.0083415784603357,99.968,0.9488949699401856,0,100,1848.9
vgg16,cifar100,SGD+WD,128,0.1,0.006971,0.0,100,cosine,42,iso_product,e12_fill,1974.55,75.01,74.88,1.012354451942444,91.644,1.4627576543807983,0,100,1228.7
resnet18,cifar100,SGD+WD,128,0.1,0.04252,0.0,100,cosine,42,linear,e12_fill,1974.55,72.91,72.86,0.2172054782962799,96.566,1.0324940221786498,0,100,1501.7
resnet18,cifar100,SGD+WD,128,0.1,0.02834,0.0,100,cosine,42,linear,e12_fill,1974.55,76.37,76.37,0.08419096265316,99.296,0.9220494567871094,0,100,1711.9
resnet18,cifar100,SGD+WD,128,0.1,0.02126,0.0,100,cosine,42,linear,e12_fill,1974.55,77.18,76.96,0.057053680716753,99.676,0.9040828012466432,0,100,1802.8
vgg16,cifar100,SGD+WD,128,0.1,0.008713,0.0,100,cosine,42,iso_product,e12_fill,1974.55,69.6,69.6,1.5532937670135498,81.872,1.8305710733413696,0,100,1142.1
vgg16,cifar100,SGD+WD,128,0.1,0.04076,0.0,100,cosine,42,linear_up,e12_fill,1974.55,75.69,75.51,0.4354564733982086,97.28,1.1116957448005675,0,100,1139.3
vgg16,cifar100,SGD+WD,128,0.1,0.05095,0.0,100,cosine,42,linear_up,e12_fill,1974.55,74.4,74.4,0.6417148565292359,93.898,1.221626510810852,0,100,1144.8
vgg16,cifar100,SGDM+WD,128,0.1,0.0006706,0.9,100,cosine,42,iso_product,e12_fill,1974.55,73.75,73.75,0.1957211096572876,95.942,1.0278059564590454,0,100,1147.4
mlp,cifar10,SGD+WD,128,0.1,0.01698,0.0,100,cosine,42,linear_up,e12_fill,1974.55,58.01,57.9,0.6603616634750367,83.794,1.202911190032959,0,100,446.3
mlp,cifar10,SGD+WD,128,0.1,0.01132,0.0,100,cosine,42,linear_up,e12_fill,1974.55,57.79,57.78,0.3954608095550537,93.592,1.2638823265075685,0,100,533.6
mlp,cifar10,SGD+WD,128,0.1,0.004724,0.0,100,cosine,42,linear,e12_fill,1974.55,57.33,56.88,0.0392938071644306,99.876,1.882848710632324,0,100,448.9
vgg16,cifar100,SGDM+WD,128,0.1,0.003921,0.9,100,cosine,42,linear_up,e12_fill,1974.55,73.95,73.72,0.1155470615053176,97.492,1.0514909839630129,0,100,1028.2
mlp,cifar10,SGD+WD,128,0.1,0.007086,0.0,100,cosine,42,linear,e12_fill,1974.55,57.12,56.72,0.0645188723742961,99.59,1.7741069900512696,0,100,442.1
mlp,cifar10,SGD+WD,128,0.1,0.002904,0.0,100,cosine,42,iso_product,e12_fill,1974.55,56.83,56.48,1.044579589691162,68.754,1.268959559249878,0,100,449.9
mlp,cifar10,SGD+WD,128,0.1,0.001936,0.0,100,cosine,42,iso_product,e12_fill,1974.55,57.77,57.46,0.7014824740409851,83.86,1.2188171129226684,0,100,602.8
resnet50,cifar100,SGDM+WD,128,0.1,0.0008,0.9,100,cosine,42,fixed,e12_fill,1974.5500000000009,76.73,76.54,0.0190690231066942,99.84,0.9599882593154908,0,100,3019.3
resnet50,cifar100,SGDM+WD,128,0.1,0.0009,0.9,100,cosine,42,fixed,e12_fill,1974.5500000000009,76.9,76.81,0.0230956685912609,99.852,0.9232677927970886,0,100,5436.1
resnet50,cifar100,SGDM+WD,128,0.1,0.0011,0.9,100,cosine,42,fixed,e12_fill,1974.5500000000009,77.72,77.66,0.0306067547392845,99.694,0.8865937469482422,0,100,5432.8
resnet50,cifar100,SGDM+WD,128,0.1,0.000962,0.9,100,cosine,2024,fixed,e12_ms,1974.5500000000009,77.78,77.76,0.0233623182821273,99.758,0.9338972955703736,0,100,4809.9
resnet50,cifar100,SGDM+WD,128,0.1,0.000962,0.9,100,cosine,42,fixed,e12_ms,1974.5500000000009,77.21,77.21,0.0238460953831672,99.784,0.9422193174362182,0,100,4811.0
resnet50,cifar100,SGDM+WD,128,0.1,0.000962,0.9,100,cosine,123,fixed,e12_ms,1974.5500000000009,75.77,75.67,0.026547084403634,99.742,0.9831578983783722,0,100,5562.8
resnet50,cifar100,SGDM+WD,128,0.1,0.003057,0.9,100,cosine,123,linear_up,e12_ms,1974.55,77.89,77.82,0.0712854844903946,99.154,0.8473683959960937,0,100,5570.4
resnet50,cifar100,SGD+WD,128,0.1,0.005,0.0,100,cosine,123,fixed,e12_ms,1974.5500000000009,79.11,79.11,0.0529592302691936,99.864,0.8455769467353821,0,100,4853.8
resnet50,cifar100,SGDM+WD,128,0.1,0.003057,0.9,100,cosine,2024,linear_up,e12_ms,1974.55,78.3,78.24,0.0789244506382942,99.046,0.8217248738288879,0,100,4856.9
resnet50,cifar100,SGD+WD,128,0.1,0.005,0.0,100,cosine,2024,fixed,e12_ms,1974.5500000000009,79.41,79.41,0.0531578420257568,99.886,0.8391387991905213,0,100,5279.2
resnet50,cifar100,SGD+WD,128,0.1,0.01698,0.0,100,cosine,123,linear_up,e12_ms,1974.55,79.74,79.74,0.179566881403923,99.632,0.836022191619873,0,100,5284.9
resnet18,cifar100,SGD+WD,128,0.1,0.01063,0.0,100,cosine,123,linear,e12_ms,1974.55,77.77,77.77,0.0270286726045608,99.888,0.8970879276275635,0,100,1674.3
resnet18,cifar100,SGD+WD,128,0.1,0.01063,0.0,100,cosine,2024,linear,e12_ms,1974.55,77.32,77.2,0.0268500570225715,99.9,0.9207696367263792,0,100,1354.1
resnet50,cifar100,SGD+WD,128,0.1,0.01698,0.0,100,cosine,2024,linear_up,e12_ms,1974.55,79.61,79.61,0.1838402407741546,99.554,0.8446298671722412,0,100,3143.5
mlp,cifar10,SGDM+WD,128,0.1,0.0008,0.9,100,cosine,42,fixed,e12_fill,1974.5500000000009,57.07,57.0,0.0654679462230205,99.336,1.9834808034896847,0,100,447.2
mlp,cifar10,SGDM+WD,128,0.1,0.000962,0.9,100,cosine,42,fixed,e12_fill,1974.5500000000009,56.24,56.13,0.0878129557061195,98.82,1.8770825550079344,0,100,449.5
resnet18,cifar100,SGDM+WD,128,0.1,0.000962,0.9,100,cosine,42,fixed,e12_fill,1974.5500000000009,76.22,76.21,0.0206623881113529,99.922,0.9330200894355772,0,100,1087.6
resnet50,cifar100,SGD+WD,128,0.1,0.002904,0.0,100,cosine,2024,iso_product,e12_ms,1974.55,79.85,79.85,0.3970151000881195,99.084,0.9642185904502868,0,100,4826.9
resnet50,cifar100,SGDM+WD,128,0.1,0.0003485,0.9,100,cosine,123,iso_product,e12_ms,1974.55,78.61,78.61,0.0599845235586166,99.608,0.8184866145133972,0,100,4832.2
resnet50,cifar100,SGDM+WD,128,0.1,0.0003485,0.9,100,cosine,2024,iso_product,e12_ms,1974.55,78.64,78.64,0.0655882885861396,99.482,0.8249025803089142,0,100,5876.6
resnet50,cifar100,SGD+WD,128,0.1,0.002904,0.0,100,cosine,123,iso_product,e12_ms,1974.55,79.85,79.85,0.4019699157619476,99.086,0.9626481167793274,0,100,5880.6
mlp_bn,cifar10,SGD+WD,128,0.1,0.005,0.0,100,cosine,42,fixed,e12_fixed,1974.5500000000009,54.64,54.62,0.0610137244284153,99.67,1.6205332147598266,0,100,487.7
mlp_bn,cifar10,SGDM+WD,128,0.1,0.0001,0.9,100,cosine,42,fixed,e12_fixed,1974.5500000000009,58.31,58.26,0.0042009942173212,99.996,2.1476369079589843,0,100,502.0
mlp_bn,cifar10,SGD+WD,128,0.1,0.0075,0.0,100,cosine,42,fixed,e12_fixed,1974.5500000000009,55.64,55.43,0.1067520596671104,99.184,1.4803458316802978,0,100,505.7
mlp_bn,cifar10,SGD+WD,128,0.1,0.002,0.0,100,cosine,42,fixed,e12_fixed,1974.5500000000009,55.15,54.62,0.0197826063367724,99.974,1.862611708450317,0,100,568.1
mlp_bn,cifar10,SGD+WD,128,0.1,0.01,0.0,100,cosine,42,fixed,e12_fixed,1974.5500000000009,55.61,55.44,0.1597238252544403,98.536,1.4084293394088745,0,100,571.5
mlp_bn,cifar10,SGD+WD,128,0.1,0.02,0.0,100,cosine,42,fixed,e12_fixed,1974.5500000000009,56.74,56.35,0.3977420734405517,94.278,1.28650862865448,0,100,575.8
mlp_bn,cifar10,SGD+WD,128,0.1,0.001,0.0,100,cosine,42,fixed,e12_fixed,1974.5500000000009,56.08,55.25,0.013007503991723,99.998,1.9369476528167724,0,100,577.6
mlp_bn,cifar10,SGD+WD,128,0.1,0.003,0.0,100,cosine,42,fixed,e12_fixed,1974.5500000000009,54.79,54.07,0.0313201808136701,99.906,1.7894264209747317,0,100,581.9
mlp_bn,cifar10,SGDM+WD,128,0.1,0.0003,0.9,100,cosine,42,fixed,e12_fixed,1974.5500000000009,58.06,57.59,0.0080002043293416,99.998,1.90565517578125,0,100,458.5
mlp_bn,cifar10,SGDM+WD,128,0.1,0.001,0.9,100,cosine,42,fixed,e12_fixed,1974.5500000000009,57.95,57.73,0.0278112696436047,99.882,1.8337947589874268,0,100,443.0
mlp_bn,cifar10,SGDM+WD,128,0.1,0.0006,0.9,100,cosine,42,fixed,e12_fixed,1974.5500000000009,58.23,57.8,0.0140789124301075,99.98,1.856854503631592,0,100,456.5
mlp_bn,cifar10,SGDM+WD,128,0.1,0.003,0.9,100,cosine,42,fixed,e12_fixed,1974.5500000000009,55.21,55.21,0.3035163663673401,92.168,1.5033160043716431,0,100,459.9
mlp_bn,cifar10,SGDM+WD,128,0.1,0.002,0.9,100,cosine,42,fixed,e12_fixed,1974.5500000000009,55.83,55.27,0.1232742738890647,97.958,1.685018229675293,0,100,482.8
mlp_bn,cifar10,SGDM+WD,128,0.1,0.005,0.9,100,cosine,42,fixed,e12_fixed,1974.5500000000009,54.76,54.75,0.7030432941055298,77.53,1.3268307712554932,0,100,492.2
mlp_bn,cifar10,SGDM+WD,128,0.1,0.0005095,0.9,100,cosine,42,linear_up,e12_matched,1974.55,57.13,56.77,0.0114006206342577,99.996,1.8224800312042235,0,100,437.4
mlp_bn,cifar10,SGDM+WD,128,0.1,0.0002126,0.9,100,cosine,42,linear,e12_matched,1974.55,58.56,58.24,0.0025289321113005,100.0,2.3242107629776,0,100,469.5
mlp_bn,cifar10,SGDM+WD,128,0.1,4.724e-05,0.9,100,cosine,42,linear,e12_matched,1974.55,57.03,56.5,0.0014233581113442,99.994,2.9643758392333983,0,100,491.5
mlp_bn,cifar10,SGDM+WD,128,0.1,0.0003397,0.9,100,cosine,42,linear_up,e12_matched,1974.55,57.34,57.1,0.0090916705867648,100.0,1.899252753829956,0,100,492.3
mlp_bn,cifar10,SGDM+WD,128,0.1,0.0001417,0.9,100,cosine,42,linear,e12_matched,1974.55,58.22,58.09,0.0021837479806691,100.0,2.4311537357330324,0,100,497.7
mlp_bn,cifar10,SGDM+WD,128,0.1,5.809e-05,0.9,100,cosine,42,iso_product,e12_matched,1974.55,57.99,57.31,0.0184847529584169,99.998,1.7340556831359863,0,100,521.5
mlp_bn,cifar10,SGDM+WD,128,0.1,0.0001132,0.9,100,cosine,42,linear_up,e12_matched,1974.55,57.5,57.33,0.0042999885204434,99.992,2.303086019515991,0,100,536.5
mlp_bn,cifar10,SGDM+WD,128,0.1,1.936e-05,0.9,100,cosine,42,iso_product,e12_matched,1974.55,57.55,57.31,0.005673529381752,99.992,2.2077829290390016,0,100,536.3
mlp_bn,cifar10,SGDM+WD,128,0.1,8.713e-05,0.9,100,cosine,42,iso_product,e12_matched,1974.55,57.47,56.64,0.0194663319832086,100.0,1.6940822933197022,0,100,437.7
mlp_bn,cifar10,SGDM+WD,128,0.1,0.0008492,0.9,100,cosine,42,linear_up,e12_matched,1974.55,56.92,56.7,0.0152949266403913,99.998,1.7510078634262085,0,100,445.3
mlp_bn,cifar10,SGDM+WD,128,0.1,0.0003543,0.9,100,cosine,42,linear,e12_matched,1974.55,58.13,57.88,0.0033094858431071,100.0,2.2023115341186523,0,100,462.7
mlp_bn,cifar10,SGDM+WD,128,0.1,0.0001162,0.9,100,cosine,42,iso_product,e12_matched,1974.55,57.28,57.13,0.0212744457393884,99.994,1.6788963508605956,0,100,518.3
mlp_bn,cifar10,SGDM+WD,128,0.1,0.0002834,0.9,100,cosine,42,linear,e12_matched,1974.55,58.71,58.44,0.0029204073069989,100.0,2.2374689331054687,0,100,519.7
mlp_bn,cifar10,SGDM+WD,128,0.1,0.0006794,0.9,100,cosine,42,linear_up,e12_matched,1974.55,57.9,57.62,0.0135249878126382,99.996,1.746929789733887,0,100,546.6
mlp_bn,cifar10,SGDM+WD,128,0.1,0.001019,0.9,100,cosine,42,linear_up,e12_matched,1974.55,57.17,56.98,0.0176486473149061,99.998,1.7368856637954713,0,100,551.9
mlp_bn,cifar10,SGDM+WD,128,0.1,0.0001452,0.9,100,cosine,42,iso_product,e12_matched,1974.55,56.88,56.59,0.0249032153278589,99.99,1.6621475261688232,0,100,552.5
mlp_bn,cifar10,SGDM+WD,128,0.1,0.0004252,0.9,100,cosine,42,linear,e12_matched,1974.55,58.91,58.58,0.0036511850523203,100.0,2.168559083366394,0,100,457.7
mlp_bn,cifar10,SGDM+WD,128,0.1,0.0001743,0.9,100,cosine,42,iso_product,e12_matched,1974.55,56.89,56.86,0.0283736203157901,99.982,1.6326909465789794,0,100,437.1
mlp_bn,cifar10,SGDM+WD,128,0.1,0.001359,0.9,100,cosine,42,linear_up,e12_matched,1974.55,57.22,57.0,0.0227667418688535,99.97,1.7074554246902467,0,100,477.8
mlp_bn,cifar10,SGDM+WD,128,0.1,0.0005669,0.9,100,cosine,42,linear,e12_matched,1974.55,58.81,58.73,0.0043041533636301,100.0,2.1856008209228515,0,100,458.9
mlp_bn,cifar10,SGDM+WD,128,0.1,0.0002324,0.9,100,cosine,42,iso_product,e12_matched,1974.55,56.61,56.6,0.0386066277134418,99.922,1.6072022157669068,0,100,461.2
mlp_bn,cifar10,SGD+WD,128,0.1,0.01162,0.0,100,cosine,42,iso_product,e12_matched,1974.55,52.5,38.52,2.0015188866424563,41.06,2.023195365142822,0,100,485.6
mlp_bn,cifar10,SGD+WD,128,0.1,0.2038,0.0,100,cosine,42,linear_up,e12_matched,1974.55,52.02,19.2,2.2942863671875,19.622,2.294343053817749,0,100,494.0
mlp_bn,cifar10,SGD+WD,128,0.1,0.05669,0.0,100,cosine,42,linear,e12_matched,1974.55,55.1,54.86,0.2798485390949249,94.952,1.4349536699295045,0,100,511.4
mlp_bn,cifar10,SGD+WD,128,0.1,0.02834,0.0,100,cosine,42,linear,e12_matched,1974.55,55.68,54.57,0.149737745141983,97.788,1.566109965133667,0,100,561.7
mlp_bn,cifar10,SGD+WD,128,0.1,0.08503,0.0,100,cosine,42,linear,e12_matched,1974.55,54.96,54.31,0.4949568763637543,87.642,1.366551414871216,0,100,562.1
mlp_bn,cifar10,SGD+WD,128,0.1,0.02324,0.0,100,cosine,42,iso_product,e12_matched,1974.55,49.15,10.0,2.302734375,10.0,2.302584982299805,0,100,564.1
mlp_bn,cifar10,SGD+WD,128,0.1,0.1359,0.0,100,cosine,42,linear_up,e12_matched,1974.55,52.58,39.51,1.934974101638794,42.648,1.9727792476654047,0,100,565.4
mlp_bn,cifar10,SGD+WD,128,0.1,0.06794,0.0,100,cosine,42,linear_up,e12_matched,1974.55,56.75,56.75,1.0905080611419675,76.532,1.4097441751480102,0,100,567.9
mlp_bn,cifar10,SGD+WD,128,0.1,0.2717,0.0,100,cosine,42,linear_up,e12_matched,1974.55,51.76,10.0,2.302734375,10.0,2.302585050201416,0,100,452.1
mlp_bn,cifar10,SGD+WD,128,0.1,0.03485,0.0,100,cosine,42,iso_product,e12_matched,1974.55,46.33,10.0,2.302734375,10.0,2.3025852306365966,0,100,464.5
mlp_bn,cifar10,SGD+WD,128,0.1,0.1134,0.0,100,cosine,42,linear,e12_matched,1974.55,31.66,31.53,1.54867097782135,39.0,1.7599401443481446,0,100,462.0
mlp_bn,cifar10,SGD+WD,128,0.1,0.4076,0.0,100,cosine,42,linear_up,e12_matched,1974.55,51.17,10.0,2.302734375,10.0,2.3025850524902345,0,100,520.2
mlp_bn,cifar10,SGD+WD,128,0.1,0.04647,0.0,100,cosine,42,iso_product,e12_matched,1974.55,44.62,10.0,2.302734375,10.0,2.302585247039795,0,100,524.9
mlp_bn,cifar10,SGD+WD,128,0.1,0.06971,0.0,100,cosine,42,iso_product,e12_matched,1974.55,41.43,10.0,2.302734375,10.0,2.302585054397583,0,100,562.4
mlp_bn,cifar10,SGD+WD,128,0.1,0.6114,0.0,100,cosine,42,linear_up,e12_matched,1974.55,51.57,10.0,2.302734375,10.0,2.302585134887696,0,100,568.3
mlp_bn,cifar10,SGD+WD,128,0.1,0.1701,0.0,100,cosine,42,linear,e12_matched,1974.55,10.0,10.0,2.302734375,10.0,2.3025851554870607,0,100,577.1
mlp_bn,cifar10,SGD+WD,128,0.1,0.2551,0.0,100,cosine,42,linear,e12_matched,1974.55,10.0,10.0,2.302734375,10.0,2.302585172653198,0,100,424.7
mlp_bn,cifar10,SGD+WD,128,0.1,1.019,0.0,100,cosine,42,linear_up,e12_matched,1974.55,50.84,10.0,2.302734375,10.0,2.3025850723266603,0,100,423.2
mlp_bn,cifar10,SGD+WD,128,0.1,0.1046,0.0,100,cosine,42,iso_product,e12_matched,1974.55,33.48,10.0,2.302734375,10.0,2.302585122680664,0,100,524.4
mlp_bn,cifar10,SGD+WD,128,0.1,0.4252,0.0,100,cosine,42,linear,e12_matched,1974.55,10.0,10.0,2.302734375,10.0,2.302585033035278,0,100,413.0
mlp_bn,cifar10,SGD+WD,128,0.1,0.1743,0.0,100,cosine,42,iso_product,e12_matched,1974.55,10.0,10.0,2.302734375,9.982,2.3025851612091066,0,100,408.6
vgg13,cifar100,SGD+WD,128,0.1,0.001,0.0,100,cosine,42,fixed,e12_fixed,1974.5500000000009,73.72,73.59,0.0110029257434606,99.96,1.058013515377045,0,100,1477.1
vgg13,cifar100,SGD+WD,128,0.1,0.002,0.0,100,cosine,42,fixed,e12_fixed,1974.5500000000009,74.43,74.26,0.0172483617985248,99.966,1.0260901867866516,0,100,1503.7
vgg13,cifar100,SGD+WD,128,0.1,0.003,0.0,100,cosine,42,fixed,e12_fixed,1974.5500000000009,74.85,74.8,0.023870353705883,99.956,1.0131648945808411,0,100,1519.6
vgg13,cifar100,SGD+WD,128,0.1,0.005,0.0,100,cosine,42,fixed,e12_fixed,1974.5500000000009,75.13,75.07,0.0393355787432193,99.928,1.0198665592193603,0,100,1531.0
vgg13,cifar100,SGD+WD,128,0.1,0.0075,0.0,100,cosine,42,fixed,e12_fixed,1974.5500000000009,76.08,76.07,0.0615464568161964,99.892,1.000093515777588,0,100,1465.4
vgg13,cifar100,SGD+WD,128,0.1,0.01,0.0,100,cosine,42,fixed,e12_fixed,1974.5500000000009,75.6,75.29,0.0871477539658546,99.8,1.0157385090827942,0,100,1472.2
vgg13,cifar100,SGD+WD,128,0.1,0.02,0.0,100,cosine,42,fixed,e12_fixed,1974.5500000000009,75.81,75.81,0.2260697914457321,98.9,1.0442044504165648,0,100,1469.0
vgg13,cifar100,SGDM+WD,128,0.1,0.0001,0.9,100,cosine,42,fixed,e12_fixed,1974.5500000000009,71.34,71.3,0.0046662314082682,99.934,1.481450984954834,0,100,1472.9
vgg13,cifar100,SGDM+WD,128,0.1,0.0003,0.9,100,cosine,42,fixed,e12_fixed,1974.5500000000009,73.52,73.51,0.0065868334077298,99.946,1.1280626220703125,0,100,1078.5
vgg13,cifar100,SGDM+WD,128,0.1,0.001,0.9,100,cosine,42,fixed,e12_fixed,1974.5500000000009,74.13,73.96,0.0175287316653132,99.852,1.0513391249656676,0,100,1083.0
vgg13,cifar100,SGDM+WD,128,0.1,0.0006,0.9,100,cosine,42,fixed,e12_fixed,1974.5500000000009,74.47,74.4,0.0103135054424405,99.934,1.0528180335998536,0,100,1118.1
vgg13,cifar100,SGDM+WD,128,0.1,0.002,0.9,100,cosine,42,fixed,e12_fixed,1974.5500000000009,73.24,73.24,0.050604461864233,99.358,1.0447813816070557,0,100,1141.2
vgg13,cifar100,SGDM+WD,128,0.1,0.003,0.9,100,cosine,42,fixed,e12_fixed,1974.5500000000009,72.54,72.48,0.1248394919300079,97.74,1.052933915615082,0,100,839.5
vgg13,cifar100,SGDM+WD,128,0.1,0.005,0.9,100,cosine,42,fixed,e12_fixed,1974.5500000000009,68.62,68.55,0.5349734019851684,85.778,1.1419162979125976,0,100,822.5
vgg13,cifar100,SGDM+WD,128,0.1,0.0006794,0.9,100,cosine,42,linear_up,e12_matched,1974.55,73.41,73.22,0.0098557446935772,99.96,1.0828647686004638,0,100,1065.5
vgg13,cifar100,SGDM+WD,128,0.1,0.0002834,0.9,100,cosine,42,linear,e12_matched,1974.55,72.0,71.89,0.0038825139021873,99.928,1.4390179540634156,0,100,1070.3
vgg13,cifar100,SGDM+WD,128,0.1,0.002038,0.9,100,cosine,42,linear_up,e12_matched,1974.55,74.69,74.57,0.0266251204806566,99.81,0.9967788204193117,0,100,1085.0
vgg13,cifar100,SGDM+WD,128,0.1,0.0001162,0.9,100,cosine,42,iso_product,e12_matched,1974.55,73.0,72.94,0.0169534076869487,99.95,1.059953697013855,0,100,1091.1
vgg13,cifar100,SGDM+WD,128,0.1,0.0008503,0.9,100,cosine,42,linear,e12_matched,1974.55,73.39,73.39,0.0053775291799753,99.934,1.2316493186950683,0,100,1066.2
vgg13,cifar100,SGDM+WD,128,0.1,0.0003485,0.9,100,cosine,42,iso_product,e12_matched,1974.55,74.75,74.71,0.0416418762344121,99.758,0.9826011309623718,0,100,1103.3
vgg13,cifar100,SGDM+WD,128,0.1,0.001276,0.9,100,cosine,42,linear,e12_matched,1974.55,73.94,73.81,0.0073726279145479,99.898,1.1909525787353517,0,100,1084.8
vgg13,cifar100,SGDM+WD,128,0.1,0.003057,0.9,100,cosine,42,linear_up,e12_matched,1974.55,74.81,74.75,0.0465019372951984,99.57,0.9723341207504272,0,100,1095.2
vgg13,cifar100,SGDM+WD,128,0.1,0.0005228,0.9,100,cosine,42,iso_product,e12_matched,1974.55,75.08,74.98,0.0828845262002944,99.176,0.9748264593124388,0,100,1072.3
vgg13,cifar100,SGDM+WD,128,0.1,0.004076,0.9,100,cosine,42,linear_up,e12_matched,1974.55,74.48,74.48,0.0734371682798862,99.086,0.9789020454406738,0,100,1077.5
vgg13,cifar100,SGDM+WD,128,0.1,0.001701,0.9,100,cosine,42,linear,e12_matched,1974.55,73.56,73.42,0.0097087064338475,99.876,1.195459252357483,0,100,1093.9
vgg13,cifar100,SGDM+WD,128,0.1,0.0006971,0.9,100,cosine,42,iso_product,e12_matched,1974.55,75.31,75.16,0.1415341791677475,98.112,0.957679048538208,0,100,1090.4
vgg13,cifar100,SGDM+WD,128,0.1,0.005095,0.9,100,cosine,42,linear_up,e12_matched,1974.55,74.1,74.1,0.1075703209161758,98.492,0.9868736480712892,0,100,1053.8
vgg13,cifar100,SGDM+WD,128,0.1,0.0008713,0.9,100,cosine,42,iso_product,e12_matched,1974.55,75.26,75.26,0.2020185181808471,96.926,0.9600537926673888,0,100,1040.5
vgg13,cifar100,SGDM+WD,128,0.1,0.002126,0.9,100,cosine,42,linear,e12_matched,1974.55,73.21,73.0,0.0120740524934232,99.838,1.2008315391540527,0,100,1146.0
vgg13,cifar100,SGDM+WD,128,0.1,0.006114,0.9,100,cosine,42,linear_up,e12_matched,1974.55,74.05,74.05,0.1510188838863372,97.682,0.9907784381866456,0,100,1166.2
vgg13,cifar100,SGDM+WD,128,0.1,0.002551,0.9,100,cosine,42,linear,e12_matched,1974.55,73.27,73.08,0.0156810411694645,99.78,1.2059849789619446,0,100,1751.6
vgg13,cifar100,SGDM+WD,128,0.1,0.001046,0.9,100,cosine,42,iso_product,e12_matched,1974.55,74.57,74.4,0.2678767997169494,95.456,0.976042332458496,0,100,1732.2
vgg13,cifar100,SGDM+WD,128,0.1,0.008152,0.9,100,cosine,42,linear_up,e12_matched,1974.55,73.14,73.14,0.259858063621521,94.996,1.0098823867797853,0,100,1717.0
vgg13,cifar100,SGDM+WD,128,0.1,0.003401,0.9,100,cosine,42,linear,e12_matched,1974.55,72.49,72.29,0.0275278264981508,99.568,1.1870375474929808,0,100,1701.0
vgg13,cifar100,SGDM+WD,128,0.1,0.001394,0.9,100,cosine,42,iso_product,e12_matched,1974.55,73.56,73.56,0.4132104623222351,92.38,1.0297937015533447,0,100,624.2
vgg13,cifar100,SGD+WD,128,0.1,0.01063,0.0,100,cosine,42,linear,e12_matched,1974.55,75.24,75.13,0.0189999223667383,99.908,1.009729587173462,0,100,964.1
vgg13,cifar100,SGD+WD,128,0.1,0.02548,0.0,100,cosine,42,linear_up,e12_matched,1974.55,76.41,76.32,0.2145267848491668,99.494,1.081855453300476,0,100,972.5
vgg13,cifar100,SGD+WD,128,0.1,0.004357,0.0,100,cosine,42,iso_product,e12_matched,1974.55,76.76,76.55,0.4740336549186706,98.52,1.23790887260437,0,100,1029.9
vgg13,cifar100,SGD+WD,128,0.1,0.05095,0.0,100,cosine,42,linear_up,e12_matched,1974.55,76.08,75.97,0.6379163233757019,95.468,1.2280120780944823,0,100,1049.3
vgg13,cifar100,SGD+WD,128,0.1,0.02126,0.0,100,cosine,42,linear,e12_matched,1974.55,74.94,74.82,0.0365563418877124,99.802,1.0127951964378357,0,100,998.0
vgg13,cifar100,SGD+WD,128,0.1,0.008713,0.0,100,cosine,42,iso_product,e12_matched,1974.55,71.25,71.15,1.6559682872772217,82.376,1.864301773071289,0,100,1013.8
vgg13,cifar100,SGD+WD,128,0.1,0.03189,0.0,100,cosine,42,linear,e12_matched,1974.55,74.52,74.37,0.0595141764402389,99.59,1.0139638478279114,0,100,1006.6
vgg13,cifar100,SGD+WD,128,0.1,0.07643,0.0,100,cosine,42,linear_up,e12_matched,1974.55,70.78,70.78,1.2618819635772704,84.516,1.5958193519592283,0,100,1037.9
vgg13,cifar100,SGD+WD,128,0.1,0.01307,0.0,100,cosine,42,iso_product,e12_matched,1974.55,43.23,27.83,3.715471054611206,28.51,3.669259666824341,0,100,975.6
vgg13,cifar100,SGD+WD,128,0.1,0.1019,0.0,100,cosine,42,linear_up,e12_matched,1974.55,59.46,59.33,2.0573047229003905,65.92,2.1838697944641114,0,100,981.9
vgg13,cifar100,SGD+WD,128,0.1,0.04252,0.0,100,cosine,42,linear,e12_matched,1974.55,74.1,74.1,0.1231742309975624,98.424,1.0221845972061157,0,100,1044.7
vgg13,cifar100,SGD+WD,128,0.1,0.01743,0.0,100,cosine,42,iso_product,e12_matched,1974.55,35.57,1.92,4.60546875,1.864,4.605150045013428,0,100,1045.3
vgg13,cifar100,SGD+WD,128,0.1,0.1529,0.0,100,cosine,42,linear_up,e12_matched,1974.55,40.79,16.41,4.0892134375,16.402,4.049446975708007,0,100,978.4
vgg13,cifar100,SGD+WD,128,0.1,0.06378,0.0,100,cosine,42,linear,e12_matched,1974.55,34.46,34.46,2.498726304931641,34.176,2.495490351867676,0,100,970.7
vgg13,cifar100,SGD+WD,128,0.1,0.02614,0.0,100,cosine,42,iso_product,e12_matched,1974.55,26.94,1.0,4.60546875,1.0,4.605170475769043,0,100,1036.6
vgg13,cifar100,SGD+WD,128,0.1,0.2293,0.0,100,cosine,42,linear_up,e12_matched,1974.55,36.6,1.0,4.60546875,1.0,4.60517028579712,0,100,1048.0
vgg13,cifar100,SGD+WD,128,0.1,0.09566,0.0,100,cosine,42,linear,e12_matched,1974.55,4.43,1.0,4.60546875,1.0,4.605170301818848,0,100,972.2
vgg13,cifar100,SGD+WD,128,0.1,0.03921,0.0,100,cosine,42,iso_product,e12_matched,1974.55,16.83,1.0,4.60546875,0.974,4.6051700477600095,0,100,997.7
vgg13,cifar100,SGD+WD,128,0.1,0.3821,0.0,100,cosine,42,linear_up,e12_matched,1974.55,27.64,1.0,4.60546875,1.0,4.605170121765137,0,100,989.4
vgg13,cifar100,SGD+WD,128,0.1,0.1594,0.0,100,cosine,42,linear,e12_matched,1974.55,1.0,1.0,4.60546875,1.0,4.60517034072876,0,100,974.3
vgg13,cifar100,SGD+WD,128,0.1,0.06535,0.0,100,cosine,42,iso_product,e12_matched,1974.55,6.18,1.0,4.60546875,1.0,4.605169942474365,0,100,579.5
resnet34,cifar100,SGD+WD,128,0.1,0.001,0.0,100,cosine,42,fixed,e12_fixed,1974.5500000000009,76.51,76.41,0.008791022259593,99.98,0.9368787692070008,0,100,1388.5
resnet34,cifar100,SGD+WD,128,0.1,0.003,0.0,100,cosine,42,fixed,e12_fixed,1974.5500000000009,78.53,78.45,0.0267823154246807,99.96,0.8803919361114502,0,100,1393.7
resnet34,cifar100,SGD+WD,128,0.1,0.005,0.0,100,cosine,42,fixed,e12_fixed,1974.5500000000009,78.87,78.87,0.0389070531439781,99.922,0.881088187789917,0,100,1741.4
resnet34,cifar100,SGD+WD,128,0.1,0.002,0.0,100,cosine,42,fixed,e12_fixed,1974.5500000000009,77.55,77.39,0.018502946100831,99.98,0.917707595062256,0,100,1762.6
resnet34,cifar100,SGD+WD,128,0.1,0.0075,0.0,100,cosine,42,fixed,e12_fixed,1974.5500000000009,78.69,78.53,0.0598639580583572,99.894,0.8877514155387879,0,100,1541.8
resnet34,cifar100,SGD+WD,128,0.1,0.01,0.0,100,cosine,42,fixed,e12_fixed,1974.5500000000009,78.66,78.35,0.0859692086791992,99.784,0.8864000345230103,0,100,1565.7
resnet34,cifar100,SGD+WD,128,0.1,0.02,0.0,100,cosine,42,fixed,e12_fixed,1974.5500000000009,77.07,76.91,0.2402722628593444,98.566,0.9420206325531004,0,100,1578.5
resnet34,cifar100,SGDM+WD,128,0.1,0.0001,0.9,100,cosine,42,fixed,e12_fixed,1974.5500000000009,74.01,73.84,0.0029213041734695,99.966,1.1823758390426635,0,100,1588.0
resnet34,cifar100,SGDM+WD,128,0.1,0.0003,0.9,100,cosine,42,fixed,e12_fixed,1974.5500000000009,76.0,75.93,0.0059453815892338,99.968,0.9729988523483276,0,100,1574.9
resnet34,cifar100,SGDM+WD,128,0.1,0.0006,0.9,100,cosine,42,fixed,e12_fixed,1974.5500000000009,77.39,77.31,0.0094868617984652,99.972,0.919708182144165,0,100,1590.9
resnet34,cifar100,SGDM+WD,128,0.1,0.001,0.9,100,cosine,42,fixed,e12_fixed,1974.5500000000009,78.41,78.38,0.0158442313307523,99.946,0.8753346132278442,0,100,1599.5
resnet34,cifar100,SGDM+WD,128,0.1,0.002,0.9,100,cosine,42,fixed,e12_fixed,1974.5500000000009,76.78,76.78,0.0506786234545707,99.512,0.9307839495658876,0,100,1593.8
resnet34,cifar100,SGDM+WD,128,0.1,0.003,0.9,100,cosine,42,fixed,e12_fixed,1974.5500000000009,73.87,73.87,0.2177479111862182,94.972,0.9635343906402588,0,100,1141.4
resnet34,cifar100,SGDM+WD,128,0.1,0.005,0.9,100,cosine,42,fixed,e12_fixed,1974.5500000000009,65.81,65.74,0.8320691476631165,77.514,1.2232059713363648,0,100,1133.8
resnet34,cifar100,SGDM+WD,128,0.1,0.001132,0.9,100,cosine,42,linear_up,e12_matched,1974.55,76.46,76.4,0.0144492991393804,99.974,0.9373436151504516,0,100,1562.4
resnet34,cifar100,SGDM+WD,128,0.1,0.0004724,0.9,100,cosine,42,linear,e12_matched,1974.55,76.75,76.75,0.0026754890178889,99.964,1.0802894012451172,0,100,1567.3
resnet34,cifar100,SGDM+WD,128,0.1,0.003397,0.9,100,cosine,42,linear_up,e12_matched,1974.55,78.16,78.07,0.0519444496262073,99.724,0.8514407900810241,0,100,1583.3
resnet34,cifar100,SGDM+WD,128,0.1,0.0001936,0.9,100,cosine,42,iso_product,e12_matched,1974.55,76.74,76.68,0.0212322386872768,99.96,0.9318943265914916,0,100,1602.1
resnet34,cifar100,SGDM+WD,128,0.1,0.001417,0.9,100,cosine,42,linear,e12_matched,1974.55,76.97,76.91,0.0061340858834981,99.932,1.0740551255226136,0,100,1586.3
resnet34,cifar100,SGDM+WD,128,0.1,0.0005809,0.9,100,cosine,42,iso_product,e12_matched,1974.55,78.18,77.82,0.1050520892763137,99.336,0.8688295860290527,0,100,1589.2
resnet34,cifar100,SGDM+WD,128,0.1,0.002126,0.9,100,cosine,42,linear,e12_matched,1974.55,76.31,76.25,0.0107727149063348,99.848,1.0578201606750488,0,100,1583.4
resnet34,cifar100,SGDM+WD,128,0.1,0.005095,0.9,100,cosine,42,linear_up,e12_matched,1974.55,77.57,77.56,0.110704939379692,98.948,0.8737245260238647,0,100,1605.8
resnet34,cifar100,SGDM+WD,128,0.1,0.0008713,0.9,100,cosine,42,iso_product,e12_matched,1974.55,77.71,77.71,0.2250359755325317,97.442,0.895859286403656,0,100,1570.9
resnet34,cifar100,SGDM+WD,128,0.1,0.006794,0.9,100,cosine,42,linear_up,e12_matched,1974.55,77.3,77.21,0.1955471655273437,97.466,0.8860776782035827,0,100,1574.7
resnet34,cifar100,SGDM+WD,128,0.1,0.001162,0.9,100,cosine,42,iso_product,e12_matched,1974.55,77.5,77.5,0.388696545419693,93.236,0.873762952041626,0,100,1570.5
resnet34,cifar100,SGDM+WD,128,0.1,0.002834,0.9,100,cosine,42,linear,e12_matched,1974.55,74.08,74.0,0.023149486016035,99.616,1.142698378944397,0,100,1608.1
resnet34,cifar100,SGDM+WD,128,0.1,0.001452,0.9,100,cosine,42,iso_product,e12_matched,1974.55,75.19,75.19,0.5174596730422973,90.976,0.977203385925293,0,100,1417.4
resnet34,cifar100,SGDM+WD,128,0.1,0.008492,0.9,100,cosine,42,linear_up,e12_matched,1974.55,74.95,74.95,0.3870435501861572,91.86,0.91568115234375,0,100,1465.7
resnet34,cifar100,SGDM+WD,128,0.1,0.003543,0.9,100,cosine,42,linear,e12_matched,1974.55,72.8,72.51,0.0481286012363433,99.064,1.1633708793640136,0,100,1460.1
resnet34,cifar100,SGDM+WD,128,0.1,0.01019,0.9,100,cosine,42,linear_up,e12_matched,1974.55,74.62,74.62,0.528015820350647,88.454,0.95345946893692,0,100,1609.9
resnet34,cifar100,SGDM+WD,128,0.1,0.004252,0.9,100,cosine,42,linear,e12_matched,1974.55,71.54,71.54,0.0900256271076202,97.906,1.1807913182258607,0,100,1430.0
resnet34,cifar100,SGDM+WD,128,0.1,0.001743,0.9,100,cosine,42,iso_product,e12_matched,1974.55,72.65,72.6,0.7444334866333008,84.66,1.0715797939300538,0,100,1464.7
resnet34,cifar100,SGDM+WD,128,0.1,0.01359,0.9,100,cosine,42,linear_up,e12_matched,1974.55,70.15,70.15,0.8262440019607544,80.94,1.102600979232788,0,100,1468.7
resnet34,cifar100,SGDM+WD,128,0.1,0.005669,0.9,100,cosine,42,linear,e12_matched,1974.55,65.07,65.07,0.4062096963405609,88.46,1.3513112949371338,0,100,1557.4
resnet34,cifar100,SGDM+WD,128,0.1,0.002324,0.9,100,cosine,42,iso_product,e12_matched,1974.55,69.87,69.87,1.0090348675537109,79.014,1.202223575782776,0,100,1025.9
resnet34,cifar100,SGD+WD,128,0.1,0.007086,0.0,100,cosine,42,linear,e12_matched,1974.55,78.52,78.37,0.01224998300999403,99.932,0.968655805683136,0,100,2432.1
resnet34,cifar100,SGD+WD,128,0.1,0.03397,0.0,100,cosine,42,linear_up,e12_matched,1974.55,79.22,79.22,0.3358396814060211,98.8,0.9396979318618774,0,100,2434.8
resnet34,cifar100,SGD+WD,128,0.1,0.005809,0.0,100,cosine,42,iso_product,e12_matched,1974.55,78.98,78.85,0.7788087317276001,96.23,1.1970668924331664,0,100,2448.9
resnet34,cifar100,SGD+WD,128,0.1,0.05095,0.0,100,cosine,42,linear_up,e12_matched,1974.55,77.13,77.13,0.652923677368164,94.472,1.0968081108093262,0,100,2456.6
resnet34,cifar100,SGD+WD,128,0.1,0.01417,0.0,100,cosine,42,linear,e12_matched,1974.55,78.22,78.0,0.021698671723604204,99.91,0.9572757043838501,0,100,3378.0
resnet34,cifar100,SGD+WD,128,0.1,0.02126,0.0,100,cosine,42,linear,e12_matched,1974.55,77.78,77.74,0.034574489438533786,99.792,0.9450966543197632,0,100,3390.8
resnet34,cifar100,SGD+WD,128,0.1,0.01698,0.0,100,cosine,42,linear_up,e12_matched,1974.55,79.3,79.07,0.14766607039928437,99.858,0.9076586837768554,0,100,3456.8
resnet34,cifar100,SGD+WD,128,0.1,0.002904,0.0,100,cosine,42,iso_product,e12_matched,1974.55,79.0,78.74,0.2932034759426117,99.682,0.9972413856506348,0,100,3459.0
resnet34,cifar100,SGD+WD,128,0.1,0.008713,0.0,100,cosine,42,iso_product,e12_matched,1974.55,69.9,69.81,1.721754287033081,80.002,1.849395941734314,0,100,2436.4
resnet34,cifar100,SGD+WD,128,0.1,0.06794,0.0,100,cosine,42,linear_up,e12_matched,1974.55,72.28,72.28,1.1150167694473267,85.456,1.3817066911697389,0,100,2440.3
resnet34,cifar100,SGD+WD,128,0.1,0.02834,0.0,100,cosine,42,linear,e12_matched,1974.55,76.77,76.73,0.050075850639343264,99.666,0.9795367666244507,0,100,2449.3
resnet34,cifar100,SGD+WD,128,0.1,0.01162,0.0,100,cosine,42,iso_product,e12_matched,1974.55,40.65,38.68,3.294168271408081,39.786,3.252513606262207,0,100,2449.9
resnet34,cifar100,SGD+WD,128,0.1,0.1019,0.0,100,cosine,42,linear_up,e12_matched,1974.55,46.84,46.84,2.389384970550537,50.61,2.4177452987670898,0,100,3128.5
resnet34,cifar100,SGD+WD,128,0.1,0.04252,0.0,100,cosine,42,linear,e12_matched,1974.55,73.77,73.71,0.15463392563343048,97.664,1.0395550119400025,0,100,3130.2
resnet34,cifar100,SGD+WD,128,0.1,0.06378,0.0,100,cosine,42,linear,e12_matched,1974.55,19.97,19.97,3.204921544189453,20.316,3.1474792808532714,0,100,2431.3
resnet34,cifar100,SGD+WD,128,0.1,0.02614,0.0,100,cosine,42,iso_product,e12_matched,1974.55,25.26,1.0,4.60546875,1.0,4.605170209503174,0,100,2432.5
resnet34,cifar100,SGD+WD,128,0.1,0.2548,0.0,100,cosine,42,linear_up,e12_matched,1974.55,35.8,1.0,4.60546875,1.0,4.605170198822021,0,100,2415.5
resnet34,cifar100,SGD+WD,128,0.1,0.1063,0.0,100,cosine,42,linear,e12_matched,1974.55,3.53,1.0,4.60546875,1.0,4.605170388793946,0,100,2419.5
resnet34,cifar100,SGD+WD,128,0.1,0.04357,0.0,100,cosine,42,iso_product,e12_matched,1974.55,9.13,1.0,4.60546875,1.0,4.605169835662842,0,100,2204.0
resnet34,cifar100,SGD+WD,128,0.1,0.1529,0.0,100,cosine,42,linear_up,e12_matched,1974.55,38.73,7.53,4.407346523742675,7.052,4.37507272567749,0,100,1580.3
resnet34,cifar100,SGD+WD,128,0.1,0.01743,0.0,100,cosine,42,iso_product,e12_matched,1974.55,33.29,1.0,4.60546875,1.0,4.605170197296142,0,100,1612.1
vgg13,cifar100,SGDM+WD,128,0.1,0.0005,0.9,100,cosine,42,fixed,e12_fill,1974.5500000000009,74.27,74.27,0.009325873527228832,99.92,1.0821843727111817,0,100,978.9
vgg16,cifar100,SGDM+WD,128,0.1,0.0005,0.9,100,cosine,42,fixed,e12_fill,1974.5500000000009,72.72,72.64,0.021436471863985063,99.512,1.382638366127014,0,100,1137.2
resnet34,cifar100,SGDM+WD,128,0.1,0.0005,0.9,100,cosine,42,fixed,e12_fill,1974.5500000000009,77.64,77.64,0.007960569305717945,99.964,0.9116326887130737,0,100,1809.8
resnet50,cifar100,SGDM+WD,128,0.1,0.0005,0.9,100,cosine,42,fixed,e12_fill,1974.5500000000009,74.81,74.66,0.011680095961093902,99.92,1.087172575855255,0,100,2722.8
mlp_bn,cifar10,SGD+WD,128,0.1,0.03,0.0,100,cosine,42,fixed,e12_fill,1974.5500000000009,56.58,56.58,0.6123821480941772,89.23,1.2760426712036133,0,100,428.1
mlp_bn,cifar10,SGD+WD,128,0.1,0.3,0.0,100,cosine,42,fixed,e12_fill,1974.5500000000009,10.0,10.0,2.302734375,10.0,2.302585126876831,0,100,429.0
mlp_bn,cifar10,SGDM+WD,128,0.1,5e-05,0.9,100,cosine,42,fixed,e12_fill,1974.5500000000009,57.53,57.32,0.0026605052636563776,99.998,2.46739340133667,0,100,434.1
mlp_bn,cifar10,SGDM+WD,128,0.1,3.333e-05,0.9,100,cosine,42,fixed,e12_fill,1974.5500000000009,57.7,57.37,0.0020382663536071778,100.0,2.6578100093841552,0,100,434.5
mlp_bn,cifar10,SGD+WD,128,0.1,0.04,0.0,100,cosine,42,fixed,e12_fill,1974.5500000000009,56.35,56.35,0.8041068014526367,82.204,1.3166535718917847,0,100,436.0
mlp_bn,cifar10,SGD+WD,128,0.1,0.12,0.0,100,cosine,42,fixed,e12_fill,1974.5500000000009,26.27,10.0,2.302734375,10.0,2.3025851364135743,0,100,440.5
mlp_bn,cifar10,SGD+WD,128,0.1,0.08,0.0,100,cosine,42,fixed,e12_fill,1974.5500000000009,39.22,33.23,1.710087167892456,38.378,1.8097180559158326,0,100,513.7
mlp_bn,cifar10,SGD+WD,128,0.1,0.06,0.0,100,cosine,42,fixed,e12_fill,1974.5500000000009,52.91,52.91,1.1750500143432616,69.824,1.4650480266571044,0,100,525.6
mlp_bn,cifar10,SGD+WD,128,0.1,0.18,0.0,100,cosine,42,fixed,e12_fill,1974.5500000000009,10.0,10.0,2.302734375,10.0,2.302585052871704,0,100,525.3
mlp_bn,cifar10,SGDM+WD,128,0.1,0.0002,0.9,100,cosine,42,fixed,e12_fill,1974.5500000000009,58.65,58.29,0.006256921923011542,100.0,1.9302745391845704,0,100,403.2
mlp_bn,cifar10,SGDM+WD,128,0.1,0.00015,0.9,100,cosine,42,fixed,e12_fill,1974.5500000000009,58.3,58.16,0.005233931191116571,100.0,2.0067719106674193,0,100,405.1
mlp_bn,cifar10,SGDM+WD,128,0.1,0.0004,0.9,100,cosine,42,fixed,e12_fill,1974.5500000000009,57.72,57.17,0.009871480086147785,99.996,1.9000983352661134,0,100,405.3
mlp,cifar10,SGD+WD,128,0.1,0.03,0.0,100,cosine,42,fixed,e12_fill,1974.5500000000009,52.59,52.45,1.2964942432403563,55.864,1.3760163427352905,0,100,402.3
mlp_bn,cifar10,SGDM+WD,128,0.1,0.00025,0.9,100,cosine,42,fixed,e12_fill,1974.5500000000009,58.09,57.69,0.007167280039936304,100.0,1.9212722660064698,0,100,409.0
mlp,cifar10,SGD+WD,128,0.1,0.015,0.0,100,cosine,42,fixed,e12_fill,1974.5500000000009,57.34,56.99,0.8849680185127259,72.438,1.2212918256759644,0,100,413.3
mlp,cifar10,SGD+WD,128,0.1,0.04,0.0,100,cosine,42,fixed,e12_fill,1974.5500000000009,49.38,49.15,1.421020291366577,50.97,1.4590381032943727,0,100,515.7
mlp,cifar10,SGD+WD,128,0.1,0.09,0.0,100,cosine,42,fixed,e12_fill,1974.5500000000009,38.47,38.27,1.7460478467178344,38.538,1.7439407394409179,0,100,518.1
mlp,cifar10,SGD+WD,128,0.1,0.06,0.0,100,cosine,42,fixed,e12_fill,1974.5500000000009,44.55,44.46,1.5798904516220094,44.938,1.589794097328186,0,100,542.4
mlp,cifar10,SGD+WD,128,0.1,0.15,0.0,100,cosine,42,fixed,e12_fill,1974.5500000000009,28.48,27.51,1.9415656007385254,27.86,1.9410528465270995,0,100,412.0
mlp,cifar10,SGDM+WD,128,0.1,0.00026667,0.9,100,cosine,42,fixed,e12_fill,1974.5500000000009,54.5,54.24,0.03368695611000061,99.622,2.656673867416382,0,100,418.6
mlp,cifar10,SGDM+WD,128,0.1,0.0012,0.9,100,cosine,42,fixed,e12_fill,1974.5500000000009,56.47,56.39,0.13374839911937714,97.648,1.7824989887237548,0,100,409.2
mlp,cifar10,SGDM+WD,128,0.1,0.0004,0.9,100,cosine,42,fixed,e12_fill,1974.5500000000009,56.75,56.6,0.03446458630502224,99.756,2.3292698768615723,0,100,414.0
mlp,cifar10,SGDM+WD,128,0.1,0.0024,0.9,100,cosine,42,fixed,e12_fill,1974.5500000000009,56.54,56.38,0.3346824925518036,91.518,1.458145279121399,0,100,405.2
mlp,cifar10,SGDM+WD,128,0.1,0.0016,0.9,100,cosine,42,fixed,e12_fill,1974.5500000000009,56.82,56.8,0.2138764446926117,95.054,1.6431188774108887,0,100,422.9
mlp,cifar10,SGDM+WD,128,0.1,0.0032,0.9,100,cosine,42,fixed,e12_fill,1974.5500000000009,55.89,55.8,0.4782653133010864,86.134,1.3923625713348389,0,100,731.6
resnet18,cifar100,SGDM+WD,128,0.1,0.00032067,0.9,100,cosine,42,fixed,e12_fill,1974.5500000000009,76.24,76.01,0.008200708962082862,99.974,0.9684840989112854,0,100,2099.5
resnet18,cifar100,SGDM+WD,128,0.1,0.000481,0.9,100,cosine,42,fixed,e12_fill,1974.5500000000009,76.92,76.92,0.010489813582599162,99.96,0.9198609691619873,0,100,2208.4
resnet18,cifar100,SGDM+WD,128,0.1,0.001443,0.9,100,cosine,42,fixed,e12_fill,1974.5500000000009,77.44,77.44,0.034057022582292554,99.822,0.8863232604026794,0,100,2085.8
resnet18,cifar100,SGDM+WD,128,0.1,0.003848,0.9,100,cosine,42,fixed,e12_fill,1974.5500000000009,71.56,71.56,0.5293706308746338,86.516,1.0099767141342164,0,100,2075.4
resnet18,cifar100,SGDM+WD,128,0.1,0.002405,0.9,100,cosine,42,fixed,e12_fill,1974.5500000000009,75.21,75.2,0.09812128200054168,98.892,0.9484974681854248,0,100,2086.0
resnet18,cifar100,SGDM+WD,128,0.1,0.002886,0.9,100,cosine,42,fixed,e12_fill,1974.5500000000009,74.06,74.06,0.24512240443706512,94.88,0.9352818396568299,0,100,2163.4
resnet18,cifar100,SGDM+WD,128,0.1,0.001924,0.9,100,cosine,42,fixed,e12_fill,1974.5500000000009,76.53,76.53,0.05581845182776451,99.624,0.9128672435760498,0,100,2214.3
resnet34,cifar100,SGD+WD,128,0.1,0.0025,0.0,100,cosine,42,fixed,e12_fill,1974.5500000000009,78.29,78.03,0.021998790876865387,99.966,0.9030662548065186,0,100,3447.9
resnet34,cifar100,SGD+WD,128,0.1,0.015,0.0,100,cosine,42,fixed,e12_fill,1974.5500000000009,78.79,78.79,0.15224208328723907,99.408,0.8899527572631836,0,100,4554.2
resnet34,cifar100,SGD+WD,128,0.1,0.075,0.0,100,cosine,42,fixed,e12_fill,1974.5500000000009,5.82,1.0,4.60546875,1.0,4.6051702987670895,0,100,3673.1
resnet34,cifar100,SGDM+WD,128,0.1,0.00033333,0.9,100,cosine,42,fixed,e12_fill,1974.5500000000009,77.41,77.34,0.006221862602084875,99.974,0.9016474271774292,0,100,3676.0
resnet34,cifar100,SGDM+WD,128,0.1,0.0015,0.9,100,cosine,42,fixed,e12_fill,1974.5500000000009,77.67,77.58,0.028125659410953522,99.834,0.8866988049507141,0,100,3671.6
resnet34,cifar100,SGDM+WD,128,0.1,0.0025,0.9,100,cosine,42,fixed,e12_fill,1974.5500000000009,75.55,75.36,0.13449901823997498,97.192,0.9395089990615845,0,100,3750.2
resnet34,cifar100,SGDM+WD,128,0.1,0.004,0.9,100,cosine,42,fixed,e12_fill,1974.5500000000009,71.58,71.56,0.45115218118667605,88.108,1.0162333518981934,0,100,3747.0
resnet34,cifar100,SGD+WD,128,0.1,0.03,0.0,100,cosine,42,fixed,e12_fill,1974.5500000000009,75.18,75.18,0.5065312084960938,93.976,1.0591545665740967,0,100,4742.1
resnet34,cifar100,SGD+WD,128,0.1,0.045,0.0,100,cosine,42,fixed,e12_fill,1974.5500000000009,47.07,47.07,1.9612910400772094,52.122,2.091752864456177,0,100,4729.0
resnet50,cifar100,SGD+WD,128,0.1,0.0025,0.0,100,cosine,42,fixed,e12_fill,1974.5500000000009,79.33,79.16,0.02514468358159065,99.932,0.8557506614685059,0,100,6658.6
resnet50,cifar100,SGD+WD,128,0.1,0.015,0.0,100,cosine,42,fixed,e12_fill,1974.5500000000009,76.77,76.73,0.2869046322441101,97.528,0.9352388676643372,0,100,6816.2
resnet50,cifar100,SGD+WD,128,0.1,0.03,0.0,100,cosine,42,fixed,e12_fill,1974.5500000000009,46.84,46.84,2.073062891998291,50.564,2.126010775756836,0,100,6552.3
resnet50,cifar100,SGD+WD,128,0.1,0.045,0.0,100,cosine,42,fixed,e12_fill,1974.5500000000009,7.4,7.36,4.006624756164551,7.298,3.98097614440918,0,100,6555.5
resnet50,cifar100,SGD+WD,128,0.1,0.075,0.0,100,cosine,42,fixed,e12_fill,1974.5500000000009,3.99,2.01,4.529446698913574,1.97,4.527612258148193,0,100,6559.0
resnet50,cifar100,SGDM+WD,128,0.1,0.00036667,0.9,100,cosine,42,fixed,e12_fill,1974.5500000000009,76.98,76.73,0.006840151042640209,99.946,1.0190897451400758,0,100,6736.0
resnet50,cifar100,SGDM+WD,128,0.1,0.00055,0.9,100,cosine,42,fixed,e12_fill,1974.5500000000009,76.95,76.74,0.011039771409034728,99.92,0.9840880274772644,0,100,6731.1
resnet50,cifar100,SGDM+WD,128,0.1,0.00165,0.9,100,cosine,42,fixed,e12_fill,1974.5500000000009,75.5,75.28,0.09556533339500427,98.692,0.9202815035820008,0,100,6651.6
resnet50,cifar100,SGDM+WD,128,0.1,0.0022,0.9,100,cosine,42,fixed,e12_fill,1974.5500000000009,66.76,66.73,0.409755945930481,90.096,1.2322980865478517,0,100,6652.9
vgg13,cifar100,SGD+WD,128,0.1,0.00375,0.0,100,cosine,42,fixed,e12_fill,1974.5500000000009,75.11,75.01,0.02908409814238548,99.958,1.0144329914093018,0,100,1245.3
vgg13,cifar100,SGD+WD,128,0.1,0.01125,0.0,100,cosine,42,fixed,e12_fill,1974.5500000000009,76.59,76.52,0.10041686578989029,99.754,0.9963154348373413,0,100,1250.0
vgg13,cifar100,SGD+WD,128,0.1,0.015,0.0,100,cosine,42,fixed,e12_fill,1974.5500000000009,75.87,75.75,0.14883314055919647,99.482,1.0260609848976134,0,100,1238.0
vgg13,cifar100,SGD+WD,128,0.1,0.0225,0.0,100,cosine,42,fixed,e12_fill,1974.5500000000009,75.41,75.41,0.2726940445804596,98.358,1.0655752846717834,0,100,1225.5
vgg13,cifar100,SGD+WD,128,0.1,0.03,0.0,100,cosine,42,fixed,e12_fill,1974.5500000000009,74.11,73.86,0.4557577410697937,95.588,1.1469289649009704,0,100,1225.2
vgg13,cifar100,SGD+WD,128,0.1,0.045,0.0,100,cosine,42,fixed,e12_fill,1974.5500000000009,61.49,61.48,1.3839829418182372,73.758,1.7340595483779908,0,100,1197.8
vgg13,cifar100,SGD+WD,128,0.1,0.0675,0.0,100,cosine,42,fixed,e12_fill,1974.5500000000009,5.51,1.0,4.60546875,1.0,4.605170308685302,0,100,1182.9
vgg13,cifar100,SGD+WD,128,0.1,0.1125,0.0,100,cosine,42,fixed,e12_fill,1974.5500000000009,3.48,1.0,4.60546875,1.0,4.60517020111084,0,100,1184.4
vgg13,cifar100,SGDM+WD,128,0.1,0.0002,0.9,100,cosine,42,fixed,e12_fill,1974.5500000000009,73.11,73.11,0.005485153050459921,99.93,1.2158968458175659,0,100,1258.5
vgg13,cifar100,SGDM+WD,128,0.1,0.0009,0.9,100,cosine,42,fixed,e12_fill,1974.5500000000009,74.4,74.36,0.015282298375964164,99.898,1.0319052656173706,0,100,1253.5
resnet50,cifar100,SGDM+WD,128,0.1,0.00275,0.9,100,cosine,42,fixed,e12_fill,1974.5500000000009,68.28,68.28,0.5035481536483765,87.29,1.1721783121109008,0,100,5448.5
vgg13,cifar100,SGDM+WD,128,0.1,0.0012,0.9,100,cosine,42,fixed,e12_fill,1974.5500000000009,74.14,74.05,0.021498288641571998,99.792,1.0380276210784911,0,100,1240.2
vgg13,cifar100,SGDM+WD,128,0.1,0.0015,0.9,100,cosine,42,fixed,e12_fill,1974.5500000000009,74.29,74.29,0.02927054753899574,99.7,1.0303628759384156,0,100,1233.6
vgg13,cifar100,SGDM+WD,128,0.1,0.0018,0.9,100,cosine,42,fixed,e12_fill,1974.5500000000009,73.5,73.31,0.040270919647216796,99.566,1.0418484944343567,0,100,1272.1
vgg13,cifar100,SGDM+WD,128,0.1,0.0024,0.9,100,cosine,42,fixed,e12_fill,1974.5500000000009,73.2,72.98,0.07165188442349434,98.966,1.0363397735595703,0,100,1272.2
vgg16,cifar100,SGD+WD,128,0.1,0.015,0.0,100,cosine,42,fixed,e12_fill,1974.5500000000009,74.74,74.42,0.15756734726428986,99.082,1.0257944195747375,0,100,1241.0
vgg16,cifar100,SGD+WD,128,0.1,0.03,0.0,100,cosine,42,fixed,e12_fill,1974.5500000000009,70.71,70.7,0.641887663860321,89.848,1.2536787378311158,0,100,1236.8
vgg16,cifar100,SGD+WD,128,0.1,0.04,0.0,100,cosine,42,fixed,e12_fill,1974.5500000000009,44.51,44.51,2.073407275390625,48.766,2.237155730819702,0,100,1195.8
resnet50,cifar100,SGDM+WD,128,0.1,0.0044,0.9,100,cosine,42,fixed,e12_fill,1974.5500000000009,64.88,64.88,0.9047180349731445,76.042,1.2624457948684693,0,100,4620.9
resnet50,cifar100,SGDM+WD,128,0.1,0.0033,0.9,100,cosine,42,fixed,e12_fill,1974.5500000000009,66.47,66.24,0.6829556994247437,82.518,1.2137946334838867,0,100,5147.9
vgg16,cifar100,SGD+WD,128,0.1,0.06,0.0,100,cosine,42,fixed,e12_fill,1974.5500000000009,3.45,1.0,4.60546875,1.0,4.605170360565186,0,100,1344.2
vgg16,cifar100,SGD+WD,128,0.1,0.09,0.0,100,cosine,42,fixed,e12_fill,1974.5500000000009,3.06,1.0,4.60546875,0.964,4.605170092010498,0,100,1308.5
vgg16,cifar100,SGD+WD,128,0.1,0.15,0.0,100,cosine,42,fixed,e12_fill,1974.5500000000009,1.0,1.0,4.60546875,0.978,4.60516996307373,0,100,1224.5
vgg16,cifar100,SGDM+WD,128,0.1,0.00033333,0.9,100,cosine,42,fixed,e12_fill,1974.5500000000009,72.67,72.56,0.01342482848867774,99.726,1.4439760304450988,0,100,1231.4
vgg16,cifar100,SGDM+WD,128,0.1,0.0015,0.9,100,cosine,42,fixed,e12_fill,1974.5500000000009,73.06,73.06,0.054078212212324145,98.82,1.1640416550636292,0,100,1218.1
vgg16,cifar100,SGDM+WD,128,0.1,0.0025,0.9,100,cosine,42,fixed,e12_fill,1974.5500000000009,72.39,72.39,0.1285706007528305,96.862,1.1446637205123902,0,100,1222.9
vgg16,cifar100,SGDM+WD,128,0.1,0.004,0.9,100,cosine,42,fixed,e12_fill,1974.5500000000009,69.74,69.57,0.30450014152526855,92.012,1.1542380573272706,0,100,1122.5
resnet50,cifar100,SGDM+WD,128,0.1,0.001245,0.9,100,cosine,42,linear_up,e12_fill,1974.55,78.07,78.07,0.017908322163820267,99.928,0.8469945240974426,0,100,6703.4
resnet50,cifar100,SGDM+WD,128,0.1,0.005605,0.9,100,cosine,42,linear_up,e12_fill,1974.55,77.21,77.14,0.2450545757675171,94.984,0.8244007056236267,0,100,6707.8
resnet50,cifar100,SGDM+WD,128,0.1,0.000639,0.9,100,cosine,42,iso_product,e12_fill,1974.55,78.59,78.5,0.22123124640464784,96.334,0.7961670883178711,0,100,6708.5
resnet50,cifar100,SGDM+WD,128,0.1,0.0005197,0.9,100,cosine,42,linear,e12_fill,1974.55,75.05,74.95,0.004615971796363592,99.954,1.206213576030731,0,100,6710.4
resnet50,cifar100,SGDM+WD,128,0.1,0.0009585,0.9,100,cosine,42,iso_product,e12_fill,1974.55,76.59,76.59,0.45789578073501586,90.532,0.8678901345252991,0,100,6710.6
resnet50,cifar100,SGDM+WD,128,0.1,0.000213,0.9,100,cosine,42,iso_product,e12_fill,1974.55,75.68,75.65,0.02929328129172325,99.922,0.9394351013660431,0,100,6715.4
resnet50,cifar100,SGDM+WD,128,0.1,0.001559,0.9,100,cosine,42,linear,e12_fill,1974.55,75.29,75.02,0.014936227202415466,99.874,1.075934107208252,0,100,6759.8
resnet50,cifar100,SGDM+WD,128,0.1,0.003736,0.9,100,cosine,42,linear_up,e12_fill,1974.55,78.75,78.75,0.1102947022151947,98.322,0.8099848011016846,0,100,6762.9
resnet50,cifar100,SGDM+WD,128,0.1,0.002338,0.9,100,cosine,42,linear,e12_fill,1974.55,71.69,71.69,0.044127383468151093,99.452,1.2265599933624267,0,100,6762.9
resnet50,cifar100,SGDM+WD,128,0.1,0.007473,0.9,100,cosine,42,linear_up,e12_fill,1974.55,76.02,76.02,0.38882463585853577,91.41,0.8693201318740845,0,100,6639.5
resnet50,cifar100,SGDM+WD,128,0.1,0.003118,0.9,100,cosine,42,linear,e12_fill,1974.55,64.81,64.81,0.19346829299926757,95.83,1.4557007383346559,0,100,6642.6
resnet50,cifar100,SGDM+WD,128,0.1,0.003897,0.9,100,cosine,42,linear,e12_fill,1974.55,64.63,64.53,0.2789914145088196,93.452,1.4104896179199218,0,100,6651.3
resnet50,cifar100,SGDM+WD,128,0.1,0.001278,0.9,100,cosine,42,iso_product,e12_fill,1974.55,74.38,74.15,0.6349643420219422,86.62,0.9562967805862427,0,100,6677.7
resnet50,cifar100,SGDM+WD,128,0.1,0.009341,0.9,100,cosine,42,linear_up,e12_fill,1974.55,74.54,74.54,0.5409449102783204,87.5,0.9238449535369873,0,100,6685.1
resnet50,cifar100,SGDM+WD,128,0.1,0.001597,0.9,100,cosine,42,iso_product,e12_fill,1974.55,60.62,60.62,1.346472880935669,68.012,1.5143830303192138,0,100,6687.6
resnet50,cifar100,SGDM+WD,128,0.1,0.01121,0.9,100,cosine,42,linear_up,e12_fill,1974.55,71.9,71.9,0.7465166200447082,82.29,1.0222542370796204,0,100,6738.6
resnet50,cifar100,SGDM+WD,128,0.1,0.004677,0.9,100,cosine,42,linear,e12_fill,1974.55,62.13,62.13,0.4497827611732483,88.45,1.4831968875885009,0,100,6742.3
resnet50,cifar100,SGDM+WD,128,0.1,0.001917,0.9,100,cosine,42,iso_product,e12_fill,1974.55,69.48,69.48,1.0771425897979736,76.338,1.202828605556488,0,100,6744.3
mlp,cifar10,SGDM+WD,128,0.1,0.0009058,0.9,100,cosine,42,linear_up,e12_fill,1974.55,55.66,55.51,0.04717082484960556,99.842,1.8886236700057983,0,100,393.7
mlp,cifar10,SGDM+WD,128,0.1,0.0003779,0.9,100,cosine,42,linear,e12_fill,1974.55,53.79,53.28,0.05083227403640747,98.756,3.467229127883911,0,100,393.6
mlp,cifar10,SGDM+WD,128,0.1,0.0001549,0.9,100,cosine,42,iso_product,e12_fill,1974.55,56.83,56.73,0.10551799700021744,99.342,1.598504967880249,0,100,394.0
mlp,cifar10,SGDM+WD,128,0.1,0.001134,0.9,100,cosine,42,linear,e12_fill,1974.55,55.51,55.21,0.04488752887010574,99.25,2.745921180343628,0,100,384.9
mlp,cifar10,SGDM+WD,128,0.1,0.002717,0.9,100,cosine,42,linear_up,e12_fill,1974.55,58.04,57.74,0.1821615411376953,97.51,1.4543508869171142,0,100,393.8
mlp,cifar10,SGDM+WD,128,0.1,0.0004647,0.9,100,cosine,42,iso_product,e12_fill,1974.55,58.71,58.49,0.3561489351272583,92.634,1.264051411819458,0,100,385.9
mlp,cifar10,SGDM+WD,128,0.1,0.001701,0.9,100,cosine,42,linear,e12_fill,1974.55,55.13,55.02,0.07502614472270012,98.468,2.531945957183838,0,100,386.8
mlp,cifar10,SGDM+WD,128,0.1,0.004076,0.9,100,cosine,42,linear_up,e12_fill,1974.55,57.78,57.76,0.33260296056747435,92.676,1.3304911020278931,0,100,403.2
mlp,cifar10,SGDM+WD,128,0.1,0.0006971,0.9,100,cosine,42,iso_product,e12_fill,1974.55,59.04,59.04,0.5715179577445983,84.434,1.19762596244812,0,100,399.1
mlp,cifar10,SGDM+WD,128,0.1,0.0009294,0.9,100,cosine,42,iso_product,e12_fill,1974.55,58.16,58.15,0.7595875030136109,76.9,1.1944937871932984,0,100,381.0
mlp,cifar10,SGDM+WD,128,0.1,0.005435,0.9,100,cosine,42,linear_up,e12_fill,1974.55,58.18,57.95,0.48342103603363035,87.266,1.2535832330703736,0,100,389.7
mlp,cifar10,SGDM+WD,128,0.1,0.002268,0.9,100,cosine,42,linear,e12_fill,1974.55,55.22,54.86,0.13926317557811738,96.264,2.327011240386963,0,100,396.0
mlp,cifar10,SGDM+WD,128,0.1,0.008152,0.9,100,cosine,42,linear_up,e12_fill,1974.55,57.8,57.8,0.7045260391235352,78.796,1.217911783218384,0,100,390.7
mlp,cifar10,SGDM+WD,128,0.1,0.003401,0.9,100,cosine,42,linear,e12_fill,1974.55,54.78,54.65,0.2261889550113678,93.304,2.065201990890503,0,100,399.5
mlp,cifar10,SGDM+WD,128,0.1,0.001394,0.9,100,cosine,42,iso_product,e12_fill,1974.55,56.9,56.9,0.9807984574890136,68.202,1.2322635459899902,0,100,394.3
mlp,cifar10,SGDM+WD,128,0.1,0.004535,0.9,100,cosine,42,linear,e12_fill,1974.55,53.41,53.09,0.33218790526390074,89.48,1.8945493824005126,0,100,386.8
mlp,cifar10,SGDM+WD,128,0.1,0.01087,0.9,100,cosine,42,linear_up,e12_fill,1974.55,56.95,56.88,0.854046373462677,72.932,1.2331136714935302,0,100,398.9
mlp,cifar10,SGDM+WD,128,0.1,0.001859,0.9,100,cosine,42,iso_product,e12_fill,1974.55,55.45,55.43,1.1253433895492553,62.396,1.2845974382400513,0,100,392.6
mlp,cifar10,SGD+WD,128,0.1,0.00333333,0.0,100,cosine,42,fixed,e12_fill,1974.5500000000009,57.89,57.88,0.11449401777744293,99.408,1.494212089920044,0,100,445.6
mlp_bn,cifar10,SGD+WD,128,0.1,0.00666667,0.0,100,cosine,42,fixed,e12_fill,1974.5500000000009,55.26,54.86,0.09102540218830109,99.404,1.5210722782135009,0,100,462.8
vgg13,cifar100,SGD+WD,128,0.1,0.0025,0.0,100,cosine,42,fixed,e12_fill,1974.5500000000009,74.71,74.64,0.020302942031025888,99.956,1.0220212760925294,0,100,1307.4
vgg16,cifar100,SGD+WD,128,0.1,0.00333333,0.0,100,cosine,42,fixed,e12_fill,1974.5500000000009,74.16,73.92,0.022735532518029213,99.94,1.0773409364700317,0,100,1322.2
resnet18,cifar100,SGDM+WD,128,0.1,0.0003,0.9,100,cosine,42,fixed,e12_fill,1974.5500000000009,76.52,76.46,0.0075590100528299805,99.972,0.9583059333801269,0,100,2139.6
resnet18,cifar100,SGDM+WD,128,0.1,0.0009,0.9,100,cosine,42,fixed,e12_fill,1974.5500000000009,77.64,77.37,0.018511489934325217,99.936,0.8878532316207886,0,100,2140.2
resnet34,cifar100,SGD+WD,128,0.1,0.00166667,0.0,100,cosine,42,fixed,e12_fill,1974.5500000000009,77.49,77.4,0.015456792272925377,99.974,0.929459125995636,0,100,2707.5
resnet18,cifar100,SGDM+WD,128,0.1,0.0012,0.9,100,cosine,42,fixed,e12_fill,1974.5500000000009,76.44,76.24,0.02634812926828861,99.908,0.9143088987350464,0,100,2194.2
resnet18,cifar100,SGDM+WD,128,0.1,0.0015,0.9,100,cosine,42,fixed,e12_fill,1974.5500000000009,76.97,76.9,0.03617056293010712,99.828,0.893500769519806,0,100,2193.3
resnet18,cifar100,SGDM+WD,128,0.1,0.0024,0.9,100,cosine,42,fixed,e12_fill,1974.5500000000009,75.71,75.71,0.10683947621822357,98.66,0.9192430799484252,0,100,1977.3
resnet18,cifar100,SGD+WD,128,0.1,0.0025,0.0,100,cosine,42,fixed,e12_fill,1974.5500000000009,76.92,76.71,0.030451014473438263,99.96,0.9283225769996644,0,100,1976.6
resnet18,cifar100,SGD+WD,128,0.1,0.015,0.0,100,cosine,42,fixed,e12_fill,1974.5500000000009,77.46,77.45,0.2283205882358551,98.846,0.9089366131782531,0,100,1934.2
resnet50,cifar100,SGDM+WD,128,0.1,0.01495,0.9,100,cosine,42,linear_up,e12_fill,1974.55,65.31,65.31,1.1834704015350341,71.486,1.3100788530349732,0,100,6620.4
resnet50,cifar100,SGDM+WD,128,0.1,0.006236,0.9,100,cosine,42,linear,e12_fill,1974.55,55.5,55.43,1.0007367212295533,72.358,1.7161275049209594,0,100,6622.2
resnet50,cifar100,SGDM+WD,128,0.1,0.002556,0.9,100,cosine,42,iso_product,e12_fill,1974.55,47.17,47.17,2.1736030249786378,49.07,2.1348946895599363,0,100,6625.4
resnet50,cifar100,SGD+WD,128,0.1,0.00166667,0.0,100,cosine,42,fixed,e12_fill,1974.5500000000009,78.09,77.98,0.01736475149512291,99.96,0.8900771721839905,0,100,5438.4
resnet18,cifar100,SGD+WD,128,0.1,0.075,0.0,100,cosine,42,fixed,e12_fill,1974.5500000000009,5.23,1.0,4.60546875,1.0,4.60516993484497,0,100,1097.0
resnet18,cifar100,SGD+WD,128,0.1,0.03,0.0,100,cosine,42,fixed,e12_fill,1974.5500000000009,74.14,74.02,0.7040799725151062,91.374,1.132541795349121,0,100,2072.0
resnet18,cifar100,SGD+WD,128,0.1,0.045,0.0,100,cosine,42,fixed,e12_fill,1974.5500000000009,31.14,31.02,2.6876370069122313,32.994,2.689276793670654,0,100,2064.0
resnet18,cifar100,SGDM+WD,128,0.1,0.0011,0.9,100,cosine,42,fixed,e12_fill,1974.5500000000009,77.33,77.33,0.023029831655025482,99.91,0.8901111497879028,0,100,2009.0
resnet18,cifar100,SGDM+WD,128,0.1,0.0008,0.9,100,cosine,42,fixed,e12_fill,1974.5500000000009,76.65,76.65,0.01669668511092663,99.946,0.9246305435180664,0,100,2015.3
resnet18,cifar100,SGDM+WD,128,0.1,0.0001,0.9,100,cosine,42,fixed,e12_fill,1974.5500000000009,74.33,74.33,0.004386404285430908,99.968,1.1684706196784973,0,100,2016.0
resnet18,cifar100,SGDM+WD,128,0.1,0.001,0.9,100,cosine,42,fixed,e12_fill,1974.5500000000009,77.54,77.54,0.02058032975077629,99.946,0.8823983441352844,0,100,2015.9
resnet18,cifar100,SGDM+WD,128,0.1,0.0013,0.9,100,cosine,42,fixed,e12_fill,1974.5500000000009,77.38,77.38,0.02879338108301163,99.902,0.8949599308013916,0,100,2017.1
resnet18,cifar100,SGDM+WD,128,0.1,0.0005,0.9,100,cosine,42,fixed,e12_fill,1974.5500000000009,76.76,76.65,0.010884856180846692,99.968,0.9256727214813233,0,100,2017.3
resnet18,cifar100,SGDM+WD,128,0.1,0.0006,0.9,100,cosine,42,fixed,e12_fill,1974.5500000000009,77.51,77.22,0.012572572610676288,99.962,0.8988988465309143,0,100,2027.7
resnet18,cifar100,SGDM+WD,128,0.1,0.0007,0.9,100,cosine,42,fixed,e12_fill,1974.5500000000009,77.48,77.34,0.014628946605324746,99.952,0.895951561164856,0,100,2032.8
resnet18,cifar100,SGDM+WD,128,0.1,0.00105,0.9,100,cosine,42,fixed,e12_fill,1974.5500000000009,77.69,77.69,0.0222688624894619,99.916,0.8891171687126159,0,100,2033.1
resnet18,cifar100,SGDM+WD,128,0.1,0.002,0.9,100,cosine,42,fixed,e12_fill,1974.5500000000009,76.05,76.05,0.06323841255784035,99.508,0.9206192565917969,0,100,1975.5
resnet18,cifar100,SGDM+WD,128,0.1,0.003,0.9,100,cosine,42,fixed,e12_fill,1974.5500000000009,73.96,73.83,0.28049292368888856,93.76,0.930656912612915,0,100,1977.7
resnet18,cifar100,SGD+WD,128,0.1,0.003,0.0,100,cosine,42,fixed,e12_fill,1974.5500000000009,77.65,77.41,0.035917210150957106,99.954,0.9110592204093934,0,100,1978.6
resnet18,cifar100,SGDM+WD,128,0.1,0.005,0.9,100,cosine,42,fixed,e12_fill,1974.5500000000009,68.55,68.28,0.8198117774581909,78.278,1.1165993587493896,0,100,1979.5
resnet18,cifar100,SGD+WD,128,0.1,0.004,0.0,100,cosine,42,fixed,e12_fill,1974.5500000000009,77.77,77.66,0.04650995945692062,99.93,0.8893708954811096,0,100,1983.6
resnet18,cifar100,SGD+WD,128,0.1,0.006,0.0,100,cosine,42,fixed,e12_fill,1974.5500000000009,78.16,78.08,0.06878649612903595,99.894,0.871374587726593,0,100,1983.6
resnet18,cifar100,SGD+WD,128,0.1,0.0075,0.0,100,cosine,42,fixed,e12_fill,1974.5500000000009,78.2,78.01,0.0892137711906433,99.868,0.8691136757850647,0,100,1982.1
resnet18,cifar100,SGD+WD,128,0.1,0.01,0.0,100,cosine,42,fixed,e12_fill,1974.5500000000009,77.6,77.48,0.12871637885570525,99.632,0.8816237893104554,0,100,1986.0
resnet18,cifar100,SGD+WD,128,0.1,0.02,0.0,100,cosine,42,fixed,e12_fill,1974.5500000000009,76.57,76.57,0.36209982650756833,97.164,0.9626102352142334,0,100,1986.5
resnet34,cifar100,SGDM+WD,128,0.1,0.0007,0.9,100,cosine,42,fixed,e12_fill,1974.5500000000009,78.32,78.23,0.010327622899711132,99.962,0.8798883518218994,0,100,3583.4
resnet34,cifar100,SGDM+WD,128,0.1,0.00105,0.9,100,cosine,42,fixed,e12_fill,1974.5500000000009,77.69,77.55,0.016514143756628036,99.93,0.8949391364097595,0,100,3591.3
resnet34,cifar100,SGDM+WD,128,0.1,0.0009,0.9,100,cosine,42,fixed,e12_fill,1974.5500000000009,78.05,77.97,0.013999399871826171,99.952,0.8727700578689576,0,100,3592.0
resnet34,cifar100,SGDM+WD,128,0.1,0.0008,0.9,100,cosine,42,fixed,e12_fill,1974.5500000000009,77.14,77.05,0.01171495165348053,99.926,0.942195902633667,0,100,3594.8
resnet34,cifar100,SGDM+WD,128,0.1,0.0013,0.9,100,cosine,42,fixed,e12_fill,1974.5500000000009,77.4,77.21,0.022544753110408784,99.904,0.8955650018692016,0,100,3581.9
resnet34,cifar100,SGDM+WD,128,0.1,0.0011,0.9,100,cosine,42,fixed,e12_fill,1974.5500000000009,78.08,77.99,0.016919662685990332,99.922,0.8851286269187927,0,100,3599.7
resnet34,cifar100,SGDM+WD,128,0.1,0.0012,0.9,100,cosine,42,fixed,e12_fill,1974.5500000000009,78.08,78.08,0.020250032521486282,99.91,0.8794616497039794,0,100,3600.6
resnet34,cifar100,SGD+WD,128,0.1,0.004,0.0,100,cosine,42,fixed,e12_fill,1974.5500000000009,78.45,78.3,0.0326363281416893,99.944,0.9045611388206481,0,100,3584.4
resnet34,cifar100,SGD+WD,128,0.1,0.006,0.0,100,cosine,42,fixed,e12_fill,1974.5500000000009,78.93,78.93,0.04740103004455566,99.92,0.8926570303916931,0,100,3589.4
vgg13,cifar100,SGDM+WD,128,0.1,0.0008,0.9,100,cosine,42,fixed,e12_fill,1974.5500000000009,74.38,74.25,0.013345290513634681,99.928,1.049826616191864,0,100,1261.9
vgg13,cifar100,SGDM+WD,128,0.1,0.00105,0.9,100,cosine,42,fixed,e12_fill,1974.5500000000009,74.55,74.53,0.018491051812767983,99.85,1.0303432793617249,0,100,1267.3
vgg13,cifar100,SGDM+WD,128,0.1,0.0007,0.9,100,cosine,42,fixed,e12_fill,1974.5500000000009,73.77,73.77,0.011837548065185546,99.918,1.0709233613967895,0,100,1522.9
vgg13,cifar100,SGDM+WD,128,0.1,0.0011,0.9,100,cosine,42,fixed,e12_fill,1974.5500000000009,74.65,74.65,0.019267537817955017,99.836,1.044639597797394,0,100,1262.7
vgg13,cifar100,SGDM+WD,128,0.1,0.0013,0.9,100,cosine,42,fixed,e12_fill,1974.5500000000009,74.5,74.37,0.023888130818605424,99.806,1.0323068538665772,0,100,1267.6
vgg13,cifar100,SGD+WD,128,0.1,0.004,0.0,100,cosine,42,fixed,e12_fill,1974.5500000000009,75.34,75.18,0.03114057429909706,99.948,1.0080162349700927,0,100,1532.8
vgg13,cifar100,SGD+WD,128,0.1,0.006,0.0,100,cosine,42,fixed,e12_fill,1974.5500000000009,75.97,75.97,0.04785067253112793,99.916,1.0144336526870728,0,100,1332.5
vgg16,cifar100,SGDM+WD,128,0.1,0.0007,0.9,100,cosine,42,fixed,e12_fill,1974.5500000000009,73.16,72.98,0.0252472194814682,99.458,1.2808971118927002,0,100,1369.9
vgg16,cifar100,SGDM+WD,128,0.1,0.0008,0.9,100,cosine,42,fixed,e12_fill,1974.5500000000009,72.99,72.93,0.02824675115823746,99.42,1.2892801456451417,0,100,1647.1
resnet50,cifar100,SGD+WD,128,0.1,0.004,0.0,100,cosine,42,fixed,e12_fill,1974.5500000000009,79.17,79.17,0.042251065289974216,99.874,0.8598644001960755,0,100,4742.9
vgg16,cifar100,SGDM+WD,128,0.1,0.0009,0.9,100,cosine,42,fixed,e12_fill,1974.5500000000009,73.32,73.17,0.03135409646272659,99.326,1.2458138307571411,0,100,1352.8
vgg16,cifar100,SGDM+WD,128,0.1,0.00105,0.9,100,cosine,42,fixed,e12_fill,1974.5500000000009,73.26,73.15,0.03763947081804275,99.19,1.2182311800956727,0,100,1345.4
resnet50,cifar100,SGDM+WD,128,0.1,0.0013,0.9,100,cosine,42,fixed,e12_fill,1974.5500000000009,77.58,77.58,0.041034139283895495,99.504,0.903248431968689,0,100,5711.7
resnet50,cifar100,SGD+WD,128,0.1,0.006,0.0,100,cosine,42,fixed,e12_fill,1974.5500000000009,79.4,79.4,0.06744887717962265,99.808,0.8307739837646484,0,100,5721.0
vgg16,cifar100,SGDM+WD,128,0.1,0.0012,0.9,100,cosine,42,fixed,e12_fill,1974.5500000000009,73.26,73.26,0.04816751029729843,98.928,1.2168497121810913,0,100,1230.1
vgg16,cifar100,SGDM+WD,128,0.1,0.0011,0.9,100,cosine,42,fixed,e12_fill,1974.5500000000009,73.47,73.34,0.0344889429974556,99.318,1.2126383325576782,0,100,1351.9
mlp,cifar10,SGDM+WD,128,0.1,0.0005,0.9,100,cosine,42,fixed,e12_fill,1974.5500000000009,56.31,56.23,0.03633416009783745,99.81,2.242890683746338,0,100,465.9
vgg16,cifar100,SGDM+WD,128,0.1,0.0013,0.9,100,cosine,42,fixed,e12_fill,1974.5500000000009,72.9,72.72,0.049876403234004975,98.902,1.2056931530952453,0,100,1102.6
vgg16,cifar100,SGD+WD,128,0.1,0.004,0.0,100,cosine,42,fixed,e12_fill,1974.5500000000009,74.51,74.32,0.028450155057907104,99.892,1.052867348098755,0,100,1091.1
mlp,cifar10,SGDM+WD,128,0.1,0.0007,0.9,100,cosine,42,fixed,e12_fill,1974.5500000000009,56.64,56.62,0.05505719896793365,99.494,2.0576337938308717,0,100,484.2
mlp,cifar10,SGDM+WD,128,0.1,0.0009,0.9,100,cosine,42,fixed,e12_fill,1974.5500000000009,57.18,57.18,0.08465840492010117,98.896,1.9302296501159668,0,100,393.3
vgg16,cifar100,SGD+WD,128,0.1,0.006,0.0,100,cosine,42,fixed,e12_fill,1974.5500000000009,74.94,74.79,0.04548546033859253,99.856,1.0208524351119994,0,100,790.2
mlp,cifar10,SGDM+WD,128,0.1,0.00105,0.9,100,cosine,42,fixed,e12_fill,1974.5500000000009,56.61,56.35,0.10571437016010285,98.38,1.8412646488189697,0,100,399.2
mlp,cifar10,SGDM+WD,128,0.1,0.0011,0.9,100,cosine,42,fixed,e12_fill,1974.5500000000009,56.75,56.64,0.11845591475963592,97.906,1.829835443687439,0,100,395.1
mlp,cifar10,SGDM+WD,128,0.1,0.0013,0.9,100,cosine,42,fixed,e12_fill,1974.5500000000009,56.65,56.34,0.15794766005039215,96.854,1.7259334230422974,0,100,375.1
mlp,cifar10,SGD+WD,128,0.1,0.006,0.0,100,cosine,42,fixed,e12_fill,1974.5500000000009,57.69,57.5,0.2649335319709778,96.29,1.336171586036682,0,100,365.7
mlp,cifar10,SGD+WD,128,0.1,0.004,0.0,100,cosine,42,fixed,e12_fill,1974.5500000000009,57.58,57.27,0.14497645151376723,98.954,1.4718705621719361,0,100,378.6
mlp_bn,cifar10,SGDM+WD,128,0.1,0.0005,0.9,100,cosine,42,fixed,e12_fill,1974.5500000000009,58.67,58.34,0.011902613942027091,99.986,1.8581337354660035,0,100,382.5
mlp_bn,cifar10,SGDM+WD,128,0.1,0.0007,0.9,100,cosine,42,fixed,e12_fill,1974.5500000000009,57.71,57.64,0.016850774388611316,99.954,1.8585222366333007,0,100,389.7
mlp_bn,cifar10,SGDM+WD,128,0.1,0.0009,0.9,100,cosine,42,fixed,e12_fill,1974.5500000000009,57.6,57.53,0.023415488755702974,99.922,1.852673522567749,0,100,376.1
mlp_bn,cifar10,SGDM+WD,128,0.1,0.0008,0.9,100,cosine,42,fixed,e12_fill,1974.5500000000009,57.94,57.28,0.0191076383087039,99.942,1.8555042945861817,0,100,393.6
mlp_bn,cifar10,SGDM+WD,128,0.1,0.00105,0.9,100,cosine,42,fixed,e12_fill,1974.5500000000009,57.06,56.81,0.029595432196855544,99.86,1.8566775089263916,0,100,379.6
mlp_bn,cifar10,SGDM+WD,128,0.1,0.0011,0.9,100,cosine,42,fixed,e12_fill,1974.5500000000009,56.72,56.45,0.03371365009129047,99.812,1.8250887706756591,0,100,388.0
mlp_bn,cifar10,SGDM+WD,128,0.1,0.0012,0.9,100,cosine,42,fixed,e12_fill,1974.5500000000009,57.38,57.18,0.03862764572679996,99.7,1.833755804824829,0,100,389.9
mlp_bn,cifar10,SGDM+WD,128,0.1,0.0013,0.9,100,cosine,42,fixed,e12_fill,1974.5500000000009,56.97,56.57,0.04565282856702805,99.648,1.8087876678466797,0,100,391.7
mlp_bn,cifar10,SGD+WD,128,0.1,0.004,0.0,100,cosine,42,fixed,e12_fill,1974.5500000000009,55.1,54.83,0.04571987438797951,99.792,1.6752078979492186,0,100,372.9
mlp_bn,cifar10,SGD+WD,128,0.1,0.006,0.0,100,cosine,42,fixed,e12_fill,1974.5500000000009,55.14,54.97,0.07792563052415848,99.54,1.5652178245544432,0,100,377.6
resnet50,cifar100,SGDM+WD,128,0.1,0.0007,0.9,100,cosine,42,fixed,e12_fill,1974.5500000000009,76.65,76.65,0.015281111961603165,99.882,0.9777646505355835,0,100,7568.7
resnet50,cifar100,SGDM+WD,128,0.1,0.0012,0.9,100,cosine,42,fixed,e12_fill,1974.5500000000009,77.71,77.71,0.0362751710319519,99.582,0.9082109745025635,0,100,7588.7
resnet50,cifar100,SGDM+WD,128,0.1,0.00105,0.9,100,cosine,42,fixed,e12_fill,1974.5500000000009,77.15,76.99,0.029886640676259995,99.702,0.9361677035331726,0,100,7589.0
